讨论区名称,话题名称
国内院校,每日签到贴
国内院校,想当年铁老大的时候
国内院校,聊聊过去的那个年代（2021.2.4更新）
国内院校,预计很快整合
国内院校,新年快乐，发积分啦
国内院校,南开大学 和天津大学合并，能恢复前3 吗？？？？
国内院校,蓝色星空BBS，一代川大人的集体回忆
国内院校,《控制工程和自动化技术》三部曲
国内院校,积分帽了，送点积分
国内院校,版大发几分哈
休闲娱乐,发积分了
休闲娱乐,成年人精通钢琴的路径是什么？
休闲娱乐,吴官正这篇文章应该加入语文教科书 (转载)
休闲娱乐,求个能让人笑得背过气去的笑话
休闲娱乐,【大数据】柯南规则角色胜率表
休闲娱乐,有没有灰暗的电影推荐一个
休闲娱乐,明天会更好-版友合唱
休闲娱乐,[Miki]领养狗狗日记
休闲娱乐,新春快乐发积分了
休闲娱乐,最爱日剧选一部（只能选一部），你选谁？
休闲娱乐,【长期活动】跟肖战一起夜跑～
五湖四海,温哥华，要不要去
五湖四海,[原创]河南的待遇咋这么差，工作7年，深感男怕入错行啊……
五湖四海,传闻新的电梯政策
五湖四海,昌平区既有多层楼房加装电梯政策落地
五湖四海,我觉得南京比北京要宜居
五湖四海,等红灯的时候，看了十几秒手机，被警察罚款扣分
五湖四海,东部华侨城
五湖四海,火锅店抽烟泼水事件，你们都没有讨论到根子
五湖四海,都散了吧
五湖四海,Re: 其实，火锅店泼油的成都才是可爱的成都
游戏运动,米卢能把国足带进世界杯，简直是神人
游戏运动,健身环，坚持每周锻炼更新中
游戏运动,我也发一个减肥五十斤对比图哈
游戏运动,发新帖领积分了
游戏运动,庆新年发积分
游戏运动,版面送积分活动
游戏运动,【庆新年，发积分】
游戏运动,祝新年，发积分
游戏运动,发现乒乓球太烧钱了。。。
游戏运动,作为前锋，大罗和C罗谁更强一些
社会信息,今天碰到个路怒症
社会信息,发积分啦！
社会信息,[求助]全程产检一次过，宝宝满月时确诊巨大颅内肿瘤
社会信息,34岁女子的自白
社会信息,也来聊聊自己丧偶带娃的经历
社会信息,水太大，另开贴说明，没有深圳的工作机会了
社会信息,男人择偶更看重女方什么
社会信息,Re: 娃妈剖腹产后抑郁症，痛不欲生，怎么破？
社会信息,不请月嫂，只靠婆婆，老公，产妇三人能行不
社会信息,邪不压正，将继续劳动法普法，免费为本版网友咨询
知性感性,金庸和刘慈欣的历史地位，谁高？
知性感性,昨天和健身教练聊天，发现最爱国的往往是生活在社会底层的人
知性感性,《暗夜将至》―（已完本）
知性感性,天师密码
知性感性,地铁诡事-转载
知性感性,民调局异闻录前传《勉传》(新版，坑) by 尔东水寿
知性感性,Re: [转载] 归一  风御九秋（完结）
知性感性,开楼大六壬占事，每日一课
知性感性,八字改名，易经起名
知性感性,开贴看生辰八字----兼说你为什么需要看八字？
文化人文,戴ok镜戴得快要崩溃
文化人文,分享下我家的识字绘本阅读写作大语文等经验
文化人文,教育部到初中都“不公开分数和升学”大方向不对
文化人文,做一个坚定的素质教育的践行者
文化人文,Re: 你们被东北人欺负过吗
文化人文,杭州是不是综合宜居指数最高的城市
文化人文,一个抑郁症患者的日记20140929
文化人文,路遇初恋，已人老珠黄，我崩溃了
文化人文,Re: 华为在进行战略大运作了！
文化人文,请问水面为什么不会升高？
学术科学,庆新春，发帖送积分
学术科学,庆新年，发帖送积分
学术科学,发积分啦
学术科学,十五年delphi老鸟找活路，（微信：253164980）谢谢
学术科学,为了愉快的看IPTV，写个阿普 【更新: 增加个硬解版本】
学术科学,坐标北京，洗烘一体机有必要买吗？
学术科学,C#现在在软件开发中地位到底如何？
学术科学,[原创]介绍几款文本编辑器-推荐PSPad
学术科学,语言的争论有结论了吗？
学术科学,【转】微软正从 C/C++ 改用 Rust 来构建其基础设施软件
