标题,发文日期,文号,文章内容
财政部 国家税务总局关于收费公路通行费增值税抵扣有关问题的通知,2016-08-03 00:00:00,财税〔2016〕86号,各省、自治区、直辖市、计划单列市财政厅（局）、国家税务局、地方税务局，新疆生产建设兵团财务局：  　　为保证营业税改征增值税试点的平稳运行，现将收费公路通行费增值税抵扣有关问题通知如下：  　　一、增值税一般纳税人支付的道路、桥、闸通行费，暂凭取得的通行费发票（不含财政票据，下同）上注明的收费金额按照下列公式计算可抵扣的进项税额：  　　高速公路通行费可抵扣进项税额=高速公路通行费发票上注明的金额&divide;（1+3%）&times;3%  　　一级公路、二级公路、桥、闸通行费可抵扣进项税额=一级公路、二级公路、桥、闸通行费发票上注明的金额&divide;（1+5%）&times;5%  　　通行费，是指有关单位依法或者依规设立并收取的过路、过桥和过闸费用。  　　二、本通知自2016年8月1日起执行，停止执行时间另行通知。  &nbsp;财政部 国家税务总局  2016年8月3日 &nbsp;
财政部 国家税务总局关于动漫产业增值税和营业税政策的通知,2013-11-28 00:00:00,财税〔2013〕98号,各省、自治区、直辖市、计划单列市财政厅（局）、国家税务局、地方税务局，新疆生产建设兵团财务局：  　　为促进我国动漫产业发展，经国务院批准现就扶持动漫产业发展的增值税、营业税政策通知如下：  　　一、关于增值税政策  　　对属于增值税一般纳税人的动漫企业销售其自主开发生产的动漫软件，按17％的税率征收增值税后，对其增值税实际税负超过3%的部分，实行即征即退政策。动漫软件出口免征增值税。上述动漫软件，按照《财政部 国家税务总局关于软件产品增值税政策的通知》（财税〔2011〕100号）中软件产品相关规定执行。  　　二、关于营业税政策  　　注册在河北、山西、内蒙古、辽宁（含大连）、吉林、黑龙江、江西、山东（含青岛）、河南、湖南、广西、海南、重庆、四川、贵州、云南、西藏、陕西、甘肃、青海、宁夏、新疆的动漫企业，为开发动漫产品提供的动漫脚本编撰、形象设计、背景设计、动画设计、分镜、动画制作、摄制、描线、上色、画面合成、配音、配乐、音效合成、剪辑、字幕制作、压缩转码(面向网络动漫、手机动漫格式适配)服务，以及在境内转让动漫版权(包括动漫品牌、形象或者内容的授权及再授权)，减按3%税率征收营业税。  　　动漫企业和自主开发、生产动漫产品的认定标准和认定程序，按照《文化部 财政部 国家税务总局关于印发&lt;动漫企业认定管理办法(试行)&gt;的通知》(文市发〔2008〕51 号)的规定执行。  　　三、被认定为动漫企业营业税改征增值税试点纳税人，为开发动漫产品提供的相关服务以及在境内转让动漫版权适用的增值税优惠政策另行规定。  　　四、本通知第一条执行时间自2013年1月1日至2017年12月31日，第二条执行时间自2013年1月1日至2013年7月31日。《财政部 国家税务总局关于扶持动漫产业发展增值税 营业税政策的通知》（财税〔2011〕119号）相应废止。  　　  　　  　　&nbsp;&nbsp;&nbsp;&nbsp;&nbsp;&nbsp;&nbsp;&nbsp;&nbsp;&nbsp;&nbsp;&nbsp;&nbsp;&nbsp;&nbsp;&nbsp;&nbsp;&nbsp;&nbsp;&nbsp;&nbsp;&nbsp;&nbsp;&nbsp;&nbsp;&nbsp;&nbsp;&nbsp;&nbsp;&nbsp;&nbsp;&nbsp;&nbsp;&nbsp;&nbsp;&nbsp;&nbsp;&nbsp;&nbsp;&nbsp;&nbsp;&nbsp;&nbsp; 财政部 国家税务总局  　　&nbsp;&nbsp;&nbsp;&nbsp;&nbsp;&nbsp;&nbsp;&nbsp;&nbsp;&nbsp;&nbsp;&nbsp;&nbsp;&nbsp;&nbsp;&nbsp;&nbsp;&nbsp;&nbsp;&nbsp;&nbsp;&nbsp;&nbsp;&nbsp; 2013年11月28日 &nbsp; &nbsp;  &nbsp;&nbsp; &nbsp; &nbsp;
财政部 国家税务总局关于钾肥增值税有关问题的通知,2004-12-14 00:00:00,财税〔2004〕197号,各省、自治区、直辖市、计划单列市财政厅（局）、国家税务局，财政部驻各省、自治区、直辖市、计划单列市财政监察专员办事处，新疆生产建设兵团财务局：    &nbsp;&nbsp;&nbsp;&nbsp;经研究决定，自2004年12月1日起，对化肥生产企业生产销售的钾肥，由免征增值税改为实行先征后返。具体返还由财政部驻各地财政监察专员办事处按照（94）财预字第55号文件的规定办理。
财政部 国家税务总局关于暂免征收尿素产品增值税的通知,2005-05-23 00:00:00,财税〔2005〕87号,各省、自治区、直辖市、计划单列市财政厅（局）、国家税务局，财政部驻各省、自治区、直辖市、计划单列市财政监察专员办事处，新疆生产建设兵团财务局：    &nbsp;&nbsp;&nbsp;&nbsp;为支持农业发展，经国务院批准，现将尿素产品增值税政策明确如下：    &nbsp;&nbsp;&nbsp;&nbsp;自2005年7月1日起，对国内企业生产销售的尿素产品增值税由先征后返50%调整为暂免征收增值税。    &nbsp;&nbsp;&nbsp;&nbsp;请遵照执行。
财政部 税务总局关于租入固定资产进项税额抵扣等增值税政策的通知,2017-12-25 00:00:00,财税〔2017〕90号,各省、自治区、直辖市、计划单列市财政厅（局）、国家税务局、地方税务局，新疆生产建设兵团财务局：  　　现将租入固定资产进项税额抵扣等增值税政策通知如下：  　　一、自2018年1月1日起，纳税人租入固定资产、不动产，既用于一般计税方法计税项目，又用于简易计税方法计税项目、免征增值税项目、集体福利或者个人消费的，其进项税额准予从销项税额中全额抵扣。  　　二、自2018年1月1日起，纳税人已售票但客户逾期未消费取得的运输逾期票证收入，按照&ldquo;交通运输服务&rdquo;缴纳增值税。纳税人为客户办理退票而向客户收取的退票费、手续费等收入，按照&ldquo;其他现代服务&rdquo;缴纳增值税。  　　三、自2018年1月1日起，航空运输销售代理企业提供境外航段机票代理服务，以取得的全部价款和价外费用，扣除向客户收取并支付给其他单位或者个人的境外航段机票结算款和相关费用后的余额为销售额。其中，支付给境内单位或者个人的款项，以发票或行程单为合法有效凭证；支付给境外单位或者个人的款项，以签收单据为合法有效凭证，税务机关对签收单据有疑义的，可以要求其提供境外公证机构的确认证明。  　　航空运输销售代理企业，是指根据《航空运输销售代理资质认可办法》取得中国航空运输协会颁发的&ldquo;航空运输销售代理业务资质认可证书&rdquo;，接受中国航空运输企业或通航中国的外国航空运输企业委托，依照双方签订的委托销售代理合同提供代理服务的企业。  　　四、自2016年5月1日至2017年6月30日，纳税人采取转包、出租、互换、转让、入股等方式将承包地流转给农业生产者用于农业生产，免征增值税。本通知下发前已征的增值税，可抵减以后月份应缴纳的增值税，或办理退税。  　　五、根据《财政部 税务总局关于资管产品增值税有关问题的通知》（财税〔2017〕56号）有关规定，自2018年1月1日起，资管产品管理人运营资管产品提供的贷款服务、发生的部分金融商品转让业务，按照以下规定确定销售额：  　　（一）提供贷款服务，以2018年1月1日起产生的利息及利息性质的收入为销售额；  　　（二）转让2017年12月31日前取得的股票（不包括限售股）、债券、基金、非货物期货，可以选择按照实际买入价计算销售额，或者以2017年最后一个交易日的股票收盘价（2017年最后一个交易日处于停牌期间的股票，为停牌前最后一个交易日收盘价）、债券估值（中债金融估值中心有限公司或中证指数有限公司提供的债券估值）、基金份额净值、非货物期货结算价格作为买入价计算销售额。  　　六、自2018年1月1日至2019年12月31日，纳税人为农户、小型企业、微型企业及个体工商户借款、发行债券提供融资担保取得的担保费收入，以及为上述融资担保（以下称&ldquo;原担保&rdquo;）提供再担保取得的再担保费收入，免征增值税。再担保合同对应多个原担保合同的，原担保合同应全部适用免征增值税政策。否则，再担保合同应按规定缴纳增值税。  　　纳税人应将相关免税证明材料留存备查，单独核算符合免税条件的融资担保费和再担保费收入，按现行规定向主管税务机关办理纳税申报；未单独核算的，不得免征增值税。  　　农户，是指长期（一年以上）居住在乡镇（不包括城关镇）行政管理区域内的住户，还包括长期居住在城关镇所辖行政村范围内的住户和户口不在本地而在本地居住一年以上的住户，国有农场的职工。位于乡镇（不包括城关镇）行政管理区域内和在城关镇所辖行政村范围内的国有经济的机关、团体、学校、企事业单位的集体户；有本地户口，但举家外出谋生一年以上的住户，无论是否保留承包耕地均不属于农户。农户以户为统计单位，既可以从事农业生产经营，也可以从事非农业生产经营。农户担保、再担保的判定应以原担保生效时的被担保人是否属于农户为准。  　　小型企业、微型企业，是指符合《中小企业划型标准规定》（工信部联企业〔2011〕300号）的小型企业和微型企业。其中，资产总额和从业人员指标均以原担保生效时的实际状态确定；营业收入指标以原担保生效前12个自然月的累计数确定，不满12个自然月的，按照以下公式计算：  　　营业收入（年）=企业实际存续期间营业收入/企业实际存续月数&times;12  　　《财政部 税务总局关于全面推开营业税改征增值税试点的通知》（财税〔2016〕36号）附件3《营业税改征增值税试点过渡政策的规定》第一条第（二十四）款规定的中小企业信用担保增值税免税政策自2018年1月1日起停止执行。纳税人享受中小企业信用担保增值税免税政策在2017年12月31日前未满3年的，可以继续享受至3年期满为止。  　　七、自2018年1月1日起，纳税人支付的道路、桥、闸通行费，按照以下规定抵扣进项税额：  　　（一）纳税人支付的道路通行费，按照收费公路通行费增值税电子普通发票上注明的增值税额抵扣进项税额。  　　2018年1月1日至6月30日，纳税人支付的高速公路通行费，如暂未能取得收费公路通行费增值税电子普通发票，可凭取得的通行费发票（不含财政票据，下同）上注明的收费金额按照下列公式计算可抵扣的进项税额： 高速公路通行费可抵扣进项税额=高速公路通行费发票上注明的金额&divide;（1+3%）&times;3%  　　2018年1月1日至12月31日，纳税人支付的一级、二级公路通行费，如暂未能取得收费公路通行费增值税电子普通发票，可凭取得的通行费发票上注明的收费金额按照下列公式计算可抵扣进项税额：  　　一级、二级公路通行费可抵扣进项税额=一级、二级公路通行费发票上注明的金额&divide;（1+5%）&times;5%  　　（二）纳税人支付的桥、闸通行费，暂凭取得的通行费发票上注明的收费金额按照下列公式计算可抵扣的进项税额：  　　桥、闸通行费可抵扣进项税额=桥、闸通行费发票上注明的金额&divide;（1+5%）&times;5%  　　（三）本通知所称通行费，是指有关单位依法或者依规设立并收取的过路、过桥和过闸费用。  　　《财政部 国家税务总局关于收费公路通行费增值税抵扣有关问题的通知》（财税〔2016〕86号）自2018年1月1日起停止执行。  　　八、自2016年5月1日起，社会团体收取的会费，免征增值税。本通知下发前已征的增值税，可抵减以后月份应缴纳的增值税，或办理退税。  　　社会团体，是指依照国家有关法律法规设立或登记并取得《社会团体法人登记证书》的非营利法人。会费，是指社会团体在国家法律法规、政策许可的范围内，依照社团章程的规定，收取的个人会员、单位会员和团体会员的会费。  　　社会团体开展经营服务性活动取得的其他收入，一律照章缴纳增值税。  财政部&nbsp;&nbsp; 税务总局  2017年12月25日  &nbsp;&nbsp; &nbsp;
国家税务总局关于企业所属机构间移送货物征收增值税问题的通知,1998-08-26 00:00:00,国税发〔1998〕137号,&nbsp;&nbsp;&nbsp;&nbsp;目前，对实行统一核算的企业所属机构间移送货物，接受移送货物机构（以下简称受货机构）的经营活动是否属于销售应在当地纳税，各地执行不一。经研究，现明确如下：    &nbsp;&nbsp;&nbsp;&nbsp;《中华人民共和国增值税暂行条例实施细则》第四条视同销售货物行为的第（三）项所称的用于销售，是指受货机构发生以下情形之一的经营行为：    &nbsp;&nbsp;&nbsp;&nbsp;一、向购货方开具发票；    &nbsp;&nbsp;&nbsp;&nbsp;二、向购货方收取货款。    &nbsp;&nbsp;&nbsp;&nbsp;受货机构的货物移送行为有上述两项情形之一的，应当向所在地税务机关缴纳增值税；未发生上述两项情形的，则应由总机构统一缴纳增值税。    &nbsp;&nbsp;&nbsp;&nbsp;如果受货机构只就部分货物向购买方开具发票或收取货款，则应当区别不同情况计算并分别向总机构所在地或分支机构所在地缴纳税款。
国家税务总局关于出版物广告收入有关增值税问题的通知,2000-11-17 00:00:00,国税发〔2000〕188号,&nbsp;&nbsp;&nbsp;&nbsp;《国家税务总局关于印发〈增值税问题解答（之一）〉的通知》（国税发〔1995〕288号）规定，“纳税人为制作、印刷广告所用的购进货物不得计入进项税额抵扣，因此，纳税人应准确划分不得抵扣的进项税额；对无法准确划分不得抵扣的进项税额的，按《中华人民共和国增值税暂行条例实施细则》第二十三条的规定划分不得抵扣的进项税额”。由于该通知未明确应以何种标准进行“准确划分”，因此各地执行不尽一致。经研究，现明确如下：    &nbsp;&nbsp;&nbsp;&nbsp;确定文化出版单位用于广告业务的购进货物的进项税额，应以广告版面占整个出版物版面的比例为划分标准，凡文化出版单位能准确提供广告所占版面比例的，应按此项比例划分不得抵扣的进项税额。    &nbsp;&nbsp;&nbsp;&nbsp;本通知自2000年12月1日起执行。此前一些地区的税务机关按照《中华人民共和国增值税暂行条例实施细则》第二十三条规定确定不得抵扣进项税额的，已征收入库的税款不再作纳税调整，凡征税不足的，一律按照本通知的规定计算应补征的税款。
国家税务总局关于国有粮食购销企业开具粮食销售发票有关问题的通知,1999-07-19 00:00:00,国税明电〔1999〕10号,&nbsp;&nbsp;&nbsp;&nbsp;财政部、国家税务总局《关于粮食企业增值税征免问题的通知》（财税字〔1999〕198号）规定对属于一般纳税人的生产、经营单位从国有粮食购销企业购进的免税粮食，可依据购销企业开具的销售发票注明的销售额按13%的扣除率计算抵扣进项税额。为了保证粮食增值税政策的正确执行，现将国有粮食购销企业销售发票使用的有关问题通知如下：    &nbsp;&nbsp;&nbsp;&nbsp;一、享受免税优惠的国有粮食购销企业可继续使用增值税专用发票。    &nbsp;&nbsp;&nbsp;&nbsp;二、自1999年8月1日起，凡国有粮食购销企业销售粮食，暂一律开具增值税专用发票。    &nbsp;&nbsp;&nbsp;&nbsp;三、国有粮食购销企业开具增值税专用发票时，应当比照非免税货物开具增值税专用发票，企业记账销售额为“价税合计”数。    &nbsp;&nbsp;&nbsp;&nbsp;四、属于一般纳税人的生产、经营单位从国有粮食购销企业购进的免税粮食，可依照国有粮食购销企业开具的增值税专用发票注明的税额抵扣进项税额。
国家税务总局 国家质量监督检验检疫总局关于调整税控加油机、出租汽车税控计价器型式批准和制造许可证办理程序的通知,2004-05-25 00:00:00,国税函〔2004〕662号,各省、自治区、直辖市和计划单列市国家税务局、地方税务局、质量技术监督局： &ensp;&ensp;&ensp;&ensp;根据《中华人民共和国税收征收管理法》、《中华人民共和国计量法》的有关规定，为进一步简化办事程序，提高办事效率，经研究，决定简化税控燃油加油机、出租汽车税控计价器型式批准、制造许可证办理程序，对《国家税务总局&ensp;国家质量技术监督局关于加油机安装税控装置和生产使用税控加油机有关问题的通知》（国税发〔1999〕110号）和《国家质量技术监督局&ensp;国家税务总局关于生产使用出租汽车税控计价器有关问题的通知》（质技监局量发〔2000〕13号）的有关规定作如下调整。 &ensp;&ensp;&ensp;&ensp;一、税控燃油加油机、出租汽车税控计价器不再办理税控功能合格证书。制造税控燃油加油机、出租汽车计价器的企业（以下简称企业）直接到国家税务总局指定的税控功能检测单位进行功能检测，由税控功能检测单位出具税控功能检测报告，税控功能检测报告一式两份，一份交企业到所在地省级质量技术监督局办理其他手续；一份抄报国家税务总局备案。原《税控功能合格证书》有效期到期作废。 &ensp;&ensp;&ensp;&ensp;二、省级质量技术监督局根据税控功能检测报告及其他有关资料，委托国家质量监督检验检疫总局（以下简称国家质检总局）授权的技术机构进行计量器具型式评价合格后，由省级质量技术监督局颁发型式批准证书，并按有关规定办理制造许可证。国家质检总局不再办理型式批准和制造许可证。省级质量技术监督局应将颁证情况报告国家质检总局，国家质检总局定期将颁证汇总情况向国家税务总局通报。 &ensp;&ensp;&ensp;&ensp;三、税控燃油加油机的型式批准证书和制造许可证的编号方法作如下调整： &ensp;&ensp;&ensp;&ensp;1.已发的型式批准证书号不再调整，继续有效。各省新颁发的型式批准证书由省级质量技术监督局进行编号。 &ensp;&ensp;&ensp;&ensp;2.税控燃油加油机制造企业要于2004年6月底以前，到各省级质量技术监督局重新换发制造许可证，制造许可证的编号由各省按照质技监局量发〔1999〕108号文件规定的编号方法重新编号。此次换发的制造许可证的有效期从换证之日开始到原证书有效期止。 &ensp;&ensp;&ensp;&ensp;四、国家质检总局在安排计量器具国家监督抽查时，把税控功能作为监督抽查的重要指标同时进行检测。 &ensp;&ensp;&ensp;&ensp;五、国家质检总局将于近期对税控燃油加油机、出租汽车计价器定型鉴定大纲的相关内容进行修订。 &ensp;&ensp;&ensp;&ensp;附件：1.程控加油机制造企业名单 &ensp;&ensp;&ensp;&ensp;2.出租汽车税控计价器制造企业名单 &ensp;&ensp;&ensp;&ensp;3.承担检测任务的单位名单及项目   &ensp;&ensp;&ensp;&ensp;附件1：            &ensp;&ensp;&ensp;&ensp;附件2：            &ensp;&ensp;&ensp;&ensp;附件3：
财政部 国家税务总局关于污水处理费有关增值税政策的通知,2001-06-19 00:00:00,财税〔2001〕97号,各省、自治区、直辖市、计划单列市财政厅（局）、国家税务局、新疆生产建设兵团财务局：    &nbsp;&nbsp;&nbsp;&nbsp;了切实加强和改进城市供水、节水和水污染防治工作，促进社会经济的可持续发展，加快城市污水处理设施的建设步伐，根据《国务院关于加强城市供水节水和水污染防治工作的通知》（国发〔2000〕36号）的规定，对各级政府及主管部门委托自来水厂（公司）随水费收取的污水处理费，免征增值税。    &nbsp;&nbsp;&nbsp;&nbsp;本通知自2001年7月1日起执行，此前对上述污水处理费未征税的一律不再补征。
国家税务总局关于加强增值税专用发票管理有关问题的通知,2005-09-12 00:00:00,国税发〔2005〕150号,&nbsp;&nbsp;&nbsp; 注释：条款失效，第一条、第二条、第五条失效。参见：《国家税务总局关于发布已失效或废止有关增值税规范性文件清单的通知》，国税发〔2009〕7号。 各省、自治区、直辖市和计划单列市国家税务局： &nbsp;&nbsp;&nbsp;&nbsp;近据部分地区反映，一些增值税一般纳税人（以下简称一般纳税人）利用与小规模纳税人交易不需要开具增值税专用发票（以下简称专用发票）的机会，转手开具给第三方一般纳税人用于骗税的现象较为突出。为防范此种虚开专用发票行为，堵塞利用虚假专用发票骗取抵扣增值税和出口退税的漏洞，现就有关问题通知如下： &nbsp;&nbsp;&nbsp;&nbsp;一、税务机关要加强对小规模纳税人的管理。对小规模纳税人进行全面清查，凡年应税销售额超过小规模纳税人标准的，税务机关应当按规定认定其一般纳税人资格。对符合一般纳税人条件而不申请办理一般纳税人认定手续的纳税人，应按销售额依照增值税税率计算应纳税额，不得抵扣进项税额，也不得使用专用发票。凡违反规定对超过小规模纳税人标准不认定为一般纳税人的，要追究经办人和审批人的责任。 &nbsp;&nbsp;&nbsp;&nbsp;二、税务机关要认真做好一般纳税人的认定工作。对一般纳税人资格认定要按照现行有关规定严格审核，但对达到一般纳税人认定条件的纳税人应当督促其申请认定一般纳税人资格。凡纳税人向税务机关提出一般纳税人资格认定申请的，主管税务机关应当及时进行案头审核、约谈和实地核查工作，对符合认定条件的要及时予以认定，不得以任何理由拖延，也不得无理由不予认定。 &nbsp;&nbsp;&nbsp;&nbsp;三、税务机关应加强一般纳税人专用发票的管理工作 &nbsp;&nbsp;&nbsp;&nbsp;（一）应加强一般纳税人增值税专用发票的使用管理，要求纳税人严格按照《增值税专用发票使用规定》及有关规定开具专用发票。 &nbsp;&nbsp;&nbsp;&nbsp;（二）对申报异常的一般纳税人要重点审核其取得的专用发票或销货清单注明的货物品名与其经营范围或生产耗用原料是否相符。要根据纳税人的购销合同、银行结算凭据等有关资料审核实际交易方与专用发票开具方是否一致。 &nbsp;&nbsp;&nbsp;&nbsp;对违反《增值税专用发票使用规定》的，应当按照有关规定进行处理；有涉嫌为第三方开票、涉嫌骗取进项税额抵扣和出口退税的，应移交稽查部门实施稽查。 &nbsp;&nbsp;&nbsp;&nbsp;四、税务机关在办理专用发票认证时，应认真审核专用发票的内容，对密文有误、认证不符（不包括纳税人识别号认证不符和发票代码号码认证不符）和重复认证的发票，应当即扣留，并移交稽查部门实施稽查。 &nbsp;&nbsp;&nbsp;&nbsp;五、税务机关应加强纳税评估工作，重点对以现金支付货款、赊欠货款、委托其他单位或个人支付货款抵扣增值税进项税额的一般纳税人进行纳税评估，必要时可进行实地核查。凡发现纳税人购进的货物与其实际经营业务不符、长期未付款或委托他人付款金额较大且无正当理由、以及购销货物或提供应税劳务未签订购销合同（零星购销业务除外）的，应转交稽查部门实施稽查。 &nbsp;&nbsp;&nbsp;&nbsp;请遵照执行。  &nbsp;
财政部 海关总署 国家税务总局关于文化体制改革试点中支持文化产业发展若干税收政策问题的通知,2005-03-29 00:00:00,财税〔2005〕2号,各省、自治区、直辖市财政厅（局）、国家税务局、地方税务局，新疆生产建设兵团财务局，广东分署，天津、上海特派办，各直属海关：    &nbsp;&nbsp;&nbsp;&nbsp;为了贯彻落实《国务院办公厅关于印发文化体制改革试点中支持文化产业发展和经营性文化事业单位转制为企业的两个规定的通知》，推动文化体制改革试点工作，促进文化产业发展，现将文化体制改革试点中支持文化发展的税收政策问题通知如下：    &nbsp;&nbsp;&nbsp;&nbsp;一、对政府鼓励的新办文化企业，自工商注册登记之日起，免征3年企业所得税。    &nbsp;&nbsp;&nbsp;&nbsp;新办文化企业，是指2004年1月1日以后登记注册，从无到有设立的文化企业。原有文化企业分立、改组、转产、合并、更名等形成的文化企业，都不能视为新办文化企业。    &nbsp;&nbsp;&nbsp;&nbsp;政府鼓励的文化企业范围见附件。    &nbsp;&nbsp;&nbsp;&nbsp;二、试点文化集团的核心企业对其成员企业100%投资控股的，经国家税务总局批准后可合并缴纳企业所得税。    &nbsp;&nbsp;&nbsp;&nbsp;三、文化产品出口按照国家现行税法规定享受出口退（免）税政策。    &nbsp;&nbsp;&nbsp;&nbsp;四、对在境外提供文化劳务取得的境外收入不征营业税，免征企业所得税。    &nbsp;&nbsp;&nbsp;&nbsp;五、对生产重点文化产品进口所需要的自用设备及配套件、备件等，按现行税收政策的有关规定，免征进口关税和进口环节增值税。    &nbsp;&nbsp;&nbsp;&nbsp;六、对因自然灾害等不可抗力或承担国家指定任务而造成亏损的文化单位，经批准，免征经营用土地和房产的城镇土地使用税和房产税。    &nbsp;&nbsp;&nbsp;&nbsp;七、对从事数字广播影视、数据库、电子出版物等研发、生产、传播的文化企业，凡符合国家现行高新技术企业税收优惠政策规定的，可统一享受相应的税收优惠政策。    &nbsp;&nbsp;&nbsp;&nbsp;八、对国务院批准成立的电影制片厂或经国务院广播影视行政主管部门批准成立的电影集团及其成员企业销售的电影拷贝收入免征增值税。    &nbsp;&nbsp;&nbsp;&nbsp;九、对电影发行企业向电影放映单位收取的电影发行收入免征营业税。    &nbsp;&nbsp;&nbsp;&nbsp;十、本通知所称文化产业是指新闻出版业、广播影视业和文化艺术业，文化单位是指从事新闻出版、广播影视和文化艺术的企事业单位。    &nbsp;&nbsp;&nbsp;&nbsp;本通知适用于文化体制改革试点地区的所有文化单位和不在试点地区的试点单位。    &nbsp;&nbsp;&nbsp;&nbsp;试点地区包括北京市、上海市、重庆市、广东省、浙江省、深圳市、沈阳市、西安市、丽江市。    &nbsp;&nbsp;&nbsp;&nbsp;不在试点地区的试点单位名单由中央文化体制改革试点工作领导小组办公室提供，财政部、国家税务总局分批发布。    &nbsp;&nbsp;&nbsp;&nbsp;本通知执行期限为2004年1月1日至2008年12月31日。    &nbsp;&nbsp;&nbsp;&nbsp;附件：政府鼓励的文化企业范围        &nbsp;&nbsp;&nbsp;&nbsp;附件：    政府鼓励的文化企业范围    &nbsp;&nbsp;&nbsp;&nbsp;1.文艺表演团体；    &nbsp;&nbsp;&nbsp;&nbsp;2.文化、艺术、演出经纪企业；    &nbsp;&nbsp;&nbsp;&nbsp;3.从事新闻出版、广播影视和文化艺术展览的企业；    &nbsp;&nbsp;&nbsp;&nbsp;4.从事演出活动的剧场（院）、音乐厅等专业演出场所；    &nbsp;&nbsp;&nbsp;&nbsp;5.经国家文化行政主管部门许可设立的文物商店；    &nbsp;&nbsp;&nbsp;&nbsp;6.从事动画、漫画创作、出版和生产以及动画片制作、发行的企业；    &nbsp;&nbsp;&nbsp;&nbsp;7.从事广播电视（含付费和数字广播电视）节目制作、发行的企业，从事广播影视节目及电影出口贸易的企业；    &nbsp;&nbsp;&nbsp;&nbsp;8.从事电影（含数字电影）制作、洗印、发行、放映的企业；    &nbsp;&nbsp;&nbsp;&nbsp;9.从事付费广播电视频道经营、节目集成播出推广以及接入服务推广的企业；    &nbsp;&nbsp;&nbsp;&nbsp;10.从事广播电影电视有线、无线、卫星传输的企业；    &nbsp;&nbsp;&nbsp;&nbsp;11.从事移动电视、手机电视、网络电视、视频点播等视听节目业务的企业；    &nbsp;&nbsp;&nbsp;&nbsp;12.从事与文化艺术、广播影视、出版物相关的知识产权自主开发和转让的企业；从事著作权代理、贸易的企业；    &nbsp;&nbsp;&nbsp;&nbsp;13.经国家行政主管部门许可从事网络图书、网络报纸、网络期刊、网络音像制品、网络电子出版物、网络游戏软件、网络美术作品、网络视听产品开发和运营的企业；以互联网为手段的出版物销售企业。    &nbsp;&nbsp;&nbsp;&nbsp;14.从事出版物、影视、剧目作品、音乐、美术作品及其他文化资源数字化加工的企业；    &nbsp;&nbsp;&nbsp;&nbsp;15.图书、报纸、期刊、音像制品、电子出版物出版企业；    &nbsp;&nbsp;&nbsp;&nbsp;16.出版物物流配送企业，经国家行政主管部门许可设立的全国或区域出版物发行连锁经营企业、出版物进出口贸易企业、建立在县及县以下以零售为主的出版物发行企业；    &nbsp;&nbsp;&nbsp;&nbsp;17.经新闻出版行政主管部门许可设立的只读类光盘复制企业、可录类光盘生产企业；    &nbsp;&nbsp;&nbsp;&nbsp;18.采用数字化印刷技术、电脑直接制版技术（CTP）、高速全自动多色印刷机、高速书刊装订联动线等高新技术和装备的图书、报纸、期刊、音像制品、电子出版物印刷企业。
财政部 国家税务总局 海关总署关于鼓励软件产业和集成电路产业发展有关税收政策问题的通知,2000-05-12 00:00:00,财税〔2000〕25号,注释：条款失效，第一条第一款失效。参见：《财政部 国家税务总局关于软件产品增值税政策的通知》，财税[2011]100。 &nbsp; 各省、自治区、直辖市、计划单列市财政厅（局）、国家税务局、地方税务局，海关总署广东分署、各直属海关： &nbsp;&nbsp;&nbsp;&nbsp;为贯彻落实《国务院关于印发鼓励软件产业和集成电路产业发展若干政策的通知》（国发〔2000〕18号）的精神，推动我国软件产业和集成电路产业的发展，增强信息产为创新能力和国际竞争力，现就鼓励软件产业和集成电路产业发展的有关税收政策问题通知如下： &nbsp;&nbsp;&nbsp;&nbsp;一、关于鼓励软件产业发展的税收政策 &nbsp;&nbsp;&nbsp;&nbsp;（一）自2000年6月24日起至2010年底以前，对增值税一般纳税人销售其自行开发生产的软件产品，按17%的法定税率征收增值税后，对其增值税实际税负超过3%的部分实行即征即退政策。所退税款由企业用于研究开发软件产品和扩大再生产，不作为企业所得税应税收入，不予征收企业所得税。 &nbsp;&nbsp;&nbsp;&nbsp;增值税一般纳税人将进口的软件进行转换等本地化改造后对外销售，其销售的软件可按照自行开发生产的软件产品的有关规定享受即征即退的税收优惠政策。 &nbsp;&nbsp;&nbsp;&nbsp;本地化改造是指对进口软件重新设计、改进、转换等工作，单纯对进口软件进行汉字化处理后再销售的不包括在内。 &nbsp;&nbsp;&nbsp;&nbsp;企业自营出口或委托、销售给出口企业出口的软件产品，不适用增值税退征即退办法。 &nbsp;&nbsp;&nbsp;&nbsp;（二）对我国境内新办软件生产企业经认定后，自开始获利年度起，第一年和第二年免征企业所得税，第三年至第五年减半征收企业所得税。 &nbsp;&nbsp;&nbsp;&nbsp;（三）对国家规划布局内的重点软件生产企业，如当年未享受免税优惠的，减按10%的税率征收企业所得税。 &nbsp;&nbsp;&nbsp;&nbsp;（四）软件生产企业的工资和培训费用，可按实际发生额在计算应纳税所得额时扣除。 &nbsp;&nbsp;&nbsp;&nbsp;（五）对经认定的软件生产企业进口所需的自用设备，以及按照合同随设备进口的技术（含软件）及配套件、备件，不需出具确认书、不占用投资总额，除国务院国发〔1997〕37号文件规定的《外商投资项目不予免税的进口商品目录》和《国内投资项目不予免税的进口商品目录》所列商品外，免征关税和进口环节增值税。 &nbsp;&nbsp;&nbsp;&nbsp;（六）企事业单位购进软件，凡购置成本达到固定资产标准或构成无形资产，可以按照固定资产或无形资产进行核算。内资企业经主管税务机关核准；投资额在3000万美元以上的外商投资企业，报由国家税务总局批准；投资额在3000万美元以下的外商投资企业，经主管税务机关核准，其折旧或摊销年限可适当缩短，最短可为2年。 &nbsp;&nbsp;&nbsp;&nbsp;（七）集成电路设计企业视同软件企业，享受软件企业的有关税收政策。 &nbsp;&nbsp;&nbsp;&nbsp;集成电路设计是将系统、逻辑与性能的设计要求转化为具体的物理版图的过程。 &nbsp;&nbsp;&nbsp;&nbsp;二、关于鼓励集成电路产业发展的税收政策 &nbsp;&nbsp;&nbsp;&nbsp;（一）自2000年6月24日起至2010年底以前，对增值税一般纳税人销售其自行生产的集成电路产品（含单晶硅片），按17%的法定税率征收增值税后，对其增值税实际税负超过6%的部分实行即征即退政策。所退税款由企业用于研究开发集成电路产品和扩大再生产，不作为企业所得税应税收入，不予征收企业所得税。 &nbsp;&nbsp;&nbsp;&nbsp;集成电路产品是指通过特定加工将电器元件集成在一块半导体单晶片或陶瓷基片上，封装在一个外壳内，执行特定电路或系统功能的产品。 &nbsp;&nbsp;&nbsp;&nbsp;单晶硅片是呈单晶状态的半导体硅材料。 &nbsp;&nbsp;&nbsp;&nbsp;企业自营出口或委托、销售给出口企业出口的集成电路产品，不适用增值税即征即退办法。 &nbsp;&nbsp;&nbsp;&nbsp;（二）集成电路生产企业的生产性设备，内资企业经主管税务机关核准；投资额在3000万美元以上的外商投资企业，报由国家税务总局批准；投资额在3000万美元以下的外商投资企业，经主管税务机关核准，其折旧年限可以适当缩短，最短可为3年。 &nbsp;&nbsp;&nbsp;&nbsp;（三）投资额超过80亿元人民币或集成电路线宽小于0.25&mu;m的集成电路生产企业，可享受以下税收优惠政策： &nbsp;&nbsp;&nbsp;&nbsp;1.按鼓励外商对能源、交通投资的税收优惠政策执行。 &nbsp;&nbsp;&nbsp;&nbsp;2.进口自用生产性原材料、消耗品，免征关税和进口环节增值税。 &nbsp;&nbsp;&nbsp;&nbsp;对符合上述规定的集成电路生产企业，海关应为其提供通关便利。 &nbsp;&nbsp;&nbsp;&nbsp;（四）对经认定的集成电路生产企业引进集成电路技术和成套生产设备，单项进口的集成电路专用设备与仪器，除国务院国发〔1997〕37号文件规定的《外商投资项目不予免税的进口商品目录》和《国内投资项目不予免税的进口商品目录》所列商品外，免征关税和进口环节增值税。 &nbsp;&nbsp;&nbsp;&nbsp;（五）集成电路设计企业设计的集成电路，如在境内确实无法生产，可在国外生产芯片，其加工合同（包括规格、数量）经行业主管部门认定后，进口时按优惠暂定税率征收关税。 &nbsp;&nbsp;&nbsp;&nbsp;三、关于税务管理 &nbsp;&nbsp;&nbsp;&nbsp;（一）软件企业的认定标准由信息产业部会同教育部、科技部、国家税务总局等有关部门制定。经由地（市）级以上软件行业协会或相关协会初选，报经同级信息产业主管部门7审核，并会签同级税务部门批准后列入正式公布名单的软件企业，可以享受税收优惠政策。 &nbsp;&nbsp;&nbsp;&nbsp;国家规划布局内的重点软件企业名单由国家计委、信息产业部、外经贸部和国家税务总局共同确定。 &nbsp;&nbsp;&nbsp;&nbsp;（二）经由集成电路项目审批部门征求同级税务部门意见后确定的集成电路生产企业，可以享受税收优惠政策。 &nbsp;&nbsp;&nbsp;&nbsp;符合上述第二条第（三）款条件的集成电路免税商品目录由信息产业部会同国家计委、外经贸部、海关总署等有关部门拟定，报经国务院批准后执行。 &nbsp;&nbsp;&nbsp;&nbsp;（三）集成电路设计企业的认定和管理，按软件企业的认定管理办法执行。 &nbsp;&nbsp;&nbsp;&nbsp;（四）增值税一般纳税人在销售计算机软件、集成电路（含单晶硅片）的同时销售其他货物，其计算机软件、集成电路（含单晶硅片）难以单独核算进项税额的，应按照开发生产计算机软件、集成电路（含单晶硅片）的实际成本或销售收入比例确定其应分摊的进项税额。 &nbsp;&nbsp;&nbsp;&nbsp;（五）软件企业和集成电路生产企业实行年审制度，年审不合格的企业，取消其软件企业或集成电路生产企业的资格，并不再享受有关税收优惠政策。 &nbsp;&nbsp;&nbsp;&nbsp;准予和取消享受税收优惠政策的企业一经认定，应立即通知企业所在地主管海关。 &nbsp;&nbsp;&nbsp;&nbsp;关于软件、集成电路产品以及软件、集成电路企业的具体管理办法另行制定。 &nbsp;&nbsp;&nbsp;&nbsp;本通知中未明确生效时间的政策，一律从2000年7月1日起开始执行。此前规定与本通知有抵触的，以本通知为准。 &nbsp;&nbsp;&nbsp;&nbsp;请遵照执行。  &nbsp;
财政部 国家税务总局关于中国科技资料进出口总公司销售进口图书享受免征国内销售环节增值税政策的通知,2004-03-30 00:00:00,财税〔2004〕69号,天津市财政局、国家税务局：    &nbsp;&nbsp;&nbsp;&nbsp;经国务院批准，自2004年1月1日起，对中国科技资料进出口总公司为科研单位、大专院校进口的用于科研、教学的图书、文献、报刊及其他资料（包括只读光盘、缩微平片、胶卷、地球资源卫星照片、科技和教学声像制品）免征国内销售环节增值税。    &nbsp;&nbsp;&nbsp;&nbsp;请遵照执行。
财政部 国家税务总局关于大秦铁路改制上市有关税收问题的通知,2006-05-14 00:00:00,财税〔2006〕32号,北京市、河北省、山西省财政厅（局）、国家税务局、地方税务局，财政部驻北京市、河北省、山西省财政监察专员办事处：    &nbsp;&nbsp;&nbsp;&nbsp;为支持铁路投融资体制改革，支持大秦铁路股份有限公司（以下简称大秦公司）重组改制和上市工作的顺利进行，经国务院批准，现将有关税收问题通知如下：    &nbsp;&nbsp;&nbsp;&nbsp;一、对大秦公司改制过程中，铁道部所属原北京铁路局（即2005年3月18日铁路直管站段体制改革前的北京铁路局，下同）的资产评估增值79亿元应缴的企业所得税款不征收入库，作为国有资本金直接转计原北京铁路局的资本公积金，并作为国有股权由原北京铁路局注入到大秦公司。大秦公司按照评估后固定资产的价值计提折旧或摊销，并在企业所得税前扣除。    &nbsp;&nbsp;&nbsp;&nbsp;对大秦公司从太原铁路局收购原大同分局所属的煤炭运输专用货车、北同蒲线、丰沙大线，以及相关支线等国铁资产过程中，太原铁路局的上述资产评估增值48.7亿元应缴的企业所得税款不征收入库，作为国有资本金直接转计太原铁路局的资本公积金。大秦公司收购太原铁路局的上述资产，按照评估后固定资产的价值计提折旧或摊销，并在企业所得税前扣除。    &nbsp;&nbsp;&nbsp;&nbsp;二、对大秦公司从太原铁路局收购原大同分局所属的国铁资产过程中出售方涉及的营业税、增值税予以免征。    &nbsp;&nbsp;&nbsp;&nbsp;三、对大秦公司改制过程中涉及的印花税，按照《财政部、国家税务总局关于企业改制过程中有关印花税政策的通知》（财税〔2003〕183号）的规定征收或免征；对大秦公司从太原铁路局收购原大同分局所属的国铁资产涉及交易双方的印花税按规定征收。    &nbsp;&nbsp;&nbsp;&nbsp;四、在大秦公司完全按市场化方式运作前，暂免其自用的房产、土地应缴纳的房产税、城镇土地使用税。对原大同分局的存续单位（企业）向大秦公司出租的房产、土地照章征收房产税、城镇土地使用税。    &nbsp;&nbsp;&nbsp;&nbsp;五、对原北京铁路局作为投资向大秦公司转移资产涉及的土地增值税予以免征；对太原铁路局向大秦公司出售原大同分局资产涉及的土地增值税予以免征。    &nbsp;&nbsp;&nbsp;&nbsp;请遵照执行。
