,Rank,Grade,Ch_name,Uploads,Subscriptions,Views
0,1st,A++,Cocomelon - Nursery Rhymes,518,78.2M,"57,088,982,878"
1,2nd,A++,✿ Kids Diana Show,692,50.9M,"24,179,259,602"
2,3rd,A++,Like Nastya,401,52.3M,"30,609,490,114"
3,4th,A++,Movieclips,"35,216",36.3M,"35,071,065,049"
4,5th,A++,Vlad and Nikita,219,37.7M,"18,086,626,003"
11,12th,A+,Ryan's World,"1,689",24.6M,"37,876,135,112"
12,13th,A+,VladTeeVee,381,2.11M,"338,893,352"
13,14th,A+,Little Angel: Nursery Rhymes & Kid…,959,12.6M,"7,084,814,005"
14,15th,A+,VGK,20,1.03M,"292,558,565"
15,16th,A+,Toys and Colors,412,20.4M,"14,535,722,923"
16,17th,A+,Sesame Street,"2,982",14.8M,"12,210,596,587"
17,18th,A+,Odia E News,"1,466",838K,"265,054,681"
18,19th,A+,Onyx Family,496,2.68M,"1,411,777,830"
19,20th,A+,BeautyPlus,172,1.11M,"229,188,970"
20,21st,A+,Pinkfong! Kids' Songs & Stories,"1,532",31.8M,"13,394,203,834"
21,22nd,A+,Like Nastya Show,298,27.6M,"10,109,462,014"
22,23rd,A+,Kids Play,251,8.49M,"2,779,417,154"
23,24th,A+,व्लाद और निक�…,185,6.79M,"2,430,317,698"
61,62nd,A,Vlad dan Nikita,158,7.82M,"2,470,962,330"
62,63rd,A,Bona Kids,151,1.42M,"287,423,785"
63,64th,A,YoungBoy Never Broke Again,254,7.34M,"4,776,726,665"
64,65th,A,LEGO,"21,956",8.83M,"10,733,551,234"
65,66th,A,Disney Junior,"2,090",6.63M,"5,137,691,581"
66,67th,A,Diana Play,167,10M,"3,084,582,685"
67,68th,A,KarolGVEVO,50,3.59M,"5,616,336,602"
68,69th,A,JustinBieberVEVO,147,32.8M,"20,054,844,079"
69,70th,A,CazzetteVEVO,26,224K,"112,485,558"
70,71st,A,Fox News,"63,734",4.73M,"4,034,410,098"
71,72nd,A,5-Minute Crafts,"4,012",65.9M,"17,489,918,416"
72,73rd,A,With Kids[위드키즈],670,5.05M,"1,926,486,551"
73,74th,A,Chotoonz TV - Funny Cartoons for K…,"1,502",7.82M,"4,855,934,046"
74,75th,A,The Late Late Show with James Cord…,"4,000",23.5M,"7,526,722,959"
75,76th,A,Flashback FM,"1,461",3.08M,"2,812,242,699"
76,77th,A,Cartoon Network,"4,381",7.13M,"6,460,042,465"
77,78th,A,T-STUDIO,395,8.12M,"2,422,483,576"
78,79th,A,ABC News,"52,089",8.4M,"7,303,978,008"
79,80th,A,My Little Pony Official,"3,889",1.52M,"3,274,157,773"
80,81st,A,WORLDSTARHIPHOP,"4,839",23.1M,"15,333,843,087"
81,82nd,A,Pencilmation,645,15.3M,"7,479,947,489"
82,83rd,A,Vlad và Nikita,173,4.67M,"1,948,750,883"
83,84th,A,Troom Troom,"1,217",17.4M,"6,270,127,438"
84,85th,A,Official Pink Panther,513,11.1M,"5,543,588,938"
85,86th,A,SSSniperWolf,"2,286",19.1M,"5,564,654,726"
86,87th,A,Diana FamilyShow,59,238K,"335,015,490"
87,88th,A,shakiraVEVO,165,18.9M,"17,622,620,073"
88,89th,A,NBA,"33,425",13.8M,"6,798,810,896"
89,90th,A,Car vs Experiment.,743,312K,"85,606,349"
90,91st,A,Enoylity Technology,82,291K,"84,752,338"
91,92nd,A,WB Kids,"1,076",9.84M,"3,152,745,703"
92,93rd,A,Ultra Music,"3,983",22.2M,"12,403,625,757"
93,94th,A,Flamingo,"1,340",4.87M,"2,474,172,757"
94,95th,A,LetsGoMartin Nursery Rhymes,271,10.6M,"3,269,033,779"
95,96th,A,Jimmy Kimmel Live,"4,656",16.5M,"9,677,111,579"
96,97th,A,Marshmello,422,44.4M,"8,562,764,673"
97,98th,A,Jamuna TV,"25,200",3.89M,"1,196,711,742"
98,99th,A,LadyGagaVEVO,146,9.21M,"8,418,255,460"
99,100th,A,CantaJuegoVEVO,460,6.23M,"4,454,801,002"
100,101st,A,Colores de los niños,20,1.98M,"565,854,848"
101,102nd,A,Maroon5VEVO,121,15.1M,"14,902,937,556"
102,103rd,A,David Dobrik,626,16.7M,"7,112,390,391"
103,104th,A,KatyPerryVEVO,140,25.6M,"19,003,157,944"
104,105th,A,ToysPlay,200,5.67M,"2,886,717,544"
105,106th,A,CNN,"147,968",9.24M,"6,424,714,474"
106,107th,A,Blippi Toys,124,5.81M,"4,685,597,912"
107,108th,A,Best Drops Ever,715,308K,"82,660,226"
108,109th,A,Omar Cabán -YuriFoX-,205,405K,"74,012,199"
109,110th,A,Like Nastya AE,197,8.57M,"2,820,436,005"
110,111th,A,Dude Perfect,229,50.3M,"10,313,452,627"
111,112th,A,FV FAMILY,556,5.28M,"3,740,269,700"
112,113th,A,Jason Vlogs,400,10M,"3,243,317,052"
113,114th,A,JRE Clips,"4,773",4.15M,"2,572,452,086"
114,115th,A,Dalex,112,3.83M,"1,457,670,755"
115,116th,A,ItsFunneh,"1,524",5.58M,"5,278,472,831"
116,117th,A,Kaji Family,579,5.55M,"6,723,358,671"
117,118th,A,Kids TV - Nursery Rhymes And Baby …,"2,611",15.4M,"6,432,286,411"
118,119th,A,EminemVEVO,86,25.7M,"14,572,417,782"
119,120th,A,TaylorSwiftVEVO,118,26.9M,"18,521,292,799"
120,121st,A,Vlad y Nikita,171,3.52M,"847,920,075"
121,122nd,A,DC Kids,"1,091",3.31M,"2,857,108,628"
122,123rd,A,Diana Roma Show,77,9.73M,"575,436,083"
123,124th,A,Family Fun Pack,"1,698",9.19M,"12,957,305,320"
124,125th,A,SSundee,"2,382",13.6M,"6,153,582,111"
125,126th,A,Markiplier,"4,647",25.4M,"12,833,230,950"
126,127th,A,Trap Nation,"1,896",28.4M,"10,570,057,554"
127,128th,A,MSNBC,"28,437",2.73M,"3,183,684,968"
128,129th,A,Atlantic Records,"1,076",10.6M,"9,006,233,886"
129,130th,A,UpNest,17,12.1K,"65,854,640"
130,131st,A,Maya and Mary [EN],216,8.5M,"2,604,990,098"
131,132nd,A,CookieSwirlC,"3,214",13.2M,"12,955,544,342"
132,133rd,A,Hola Amigos,109,2M,"588,948,659"
133,134th,A,LAY TV & Family,182,3.56M,"1,752,422,909"
134,135th,A,FutureVEVO,227,4.56M,"4,043,478,018"
135,136th,A,Coca-Cola,"3,490",3.41M,"2,837,614,173"
136,137th,A,FunFun Toy Doll TV,690,11M,"4,417,276,985"
137,138th,A,Mother Goose Club,933,6.73M,"7,541,427,889"
138,139th,A,PostMaloneVEVO,31,4.01M,"4,945,135,238"
139,140th,A,UFC - Ultimate Fighting Championsh…,"8,606",8.87M,"2,714,887,685"
140,141st,A,Lifetime,"9,417",4.13M,"4,867,458,159"
141,142nd,A,العاب مبتسمة,86,161,"735,148,859"
142,143rd,A,Caso Cerrado,"3,200",7.7M,"4,794,380,161"
143,144th,A,BuzzFeedVideo,"6,702",20M,"16,676,443,187"
144,145th,A,Natti Natasha,56,6.01M,"4,081,666,839"
145,146th,A,FutureHype,161,1.6M,"954,774,050"
146,147th,A,T-STUDIO ES,242,3.34M,"1,003,919,696"
147,148th,A,Ceylin - H Official,344,6.69M,"3,075,292,472"
148,149th,A,LIL UZI VERT,114,6.76M,"1,914,353,389"
149,150th,A,Magnet World,358,4.45M,"1,147,395,017"
150,151st,A,DONA 도나,33,1.23M,"348,357,389"
151,152nd,A,Avocado Couple I Crazy Comics,183,5.85M,"1,074,386,593"
152,153rd,A,Pinkfong! Canciones Infantiles,687,6.09M,"2,094,849,967"
153,154th,A,Morphle TV,634,7.7M,"5,192,625,047"
154,155th,A,Genevieve's Playhouse - Toy Learni…,506,14.5M,"6,324,024,373"
155,156th,A,Oddbods - Official Channel,609,5.44M,"3,766,076,632"
156,157th,A,NadditionVR,148,470K,"61,853,211"
157,158th,A,Dany Kiski - Videos para Niños,77,2.31M,"448,481,642"
158,159th,A,DreamWorksTV,"4,486",7.08M,"5,532,173,091"
159,160th,A,حِرف إبداعية في 5 د�…,"3,011",11.8M,"2,889,833,600"
160,161st,A,Unspeakable,418,6.25M,"1,984,486,846"
161,162nd,A,GirlsTToyZZ,393,413K,"1,043,336,402"
162,163rd,A,Hiddenreaction,130,420K,"58,499,607"
163,164th,A,Preston,"3,652",12.5M,"3,968,543,242"
164,165th,A,Google,"2,317",8.79M,"2,651,735,671"
165,166th,A,The Daily Show with Trevor Noah,"2,189",7.15M,"2,722,537,315"
166,167th,A,SyrebralVibes,331,5.27M,"3,011,024,787"
167,168th,A,ImagineDragonsVEVO,108,10.2M,"8,622,216,793"
168,169th,A,Ninja Kidz TV,162,8.42M,"3,221,661,543"
169,170th,A,MrMrMike1337,46,199K,"55,304,713"
170,171st,A,MBCdrama,"49,539",3.6M,"3,894,119,169"
171,172nd,A,dutchsinse,"2,677",369K,"66,322,766"
172,173rd,A,Dr. Phil,"9,963",5.48M,"4,731,893,792"
173,174th,A,Wild 'N Out,704,7.64M,"2,795,956,050"
174,175th,A,SebastianYatraVEVO,46,2.85M,"5,032,134,204"
175,176th,A,BRIGHT SIDE,"3,244",34.1M,"6,567,008,264"
176,177th,A,Daily Dose Of Internet,153,7.43M,"977,422,472"
177,178th,A,IGN,"137,092",13.2M,"10,271,393,512"
178,179th,A,Trinity and Beyond,967,4.73M,"2,290,507,631"
179,180th,A,نيكيتا وفلاد,179,9.43M,"3,003,784,988"
180,181st,A,ArianaGrandeVevo,111,18.4M,"13,774,605,642"
181,182nd,A,CHAMPIONS CLUB,839,144K,"52,593,262"
182,183rd,A,ZIC PLUS,55,7.1K,"66,882,000"
183,184th,A,Cut,"1,240",9.9M,"3,731,137,778"
184,185th,A,NBC News,"22,838",2.67M,"1,203,443,935"
185,186th,A,dojacatVEVO,42,136K,"531,629,398"
186,187th,A,RHINO,"1,188",3.45M,"3,205,447,749"
187,188th,A,Vy Qwaint,288,7.76M,"2,287,517,380"
188,189th,A,Lele Pons,142,16.1M,"3,722,789,535"
189,190th,A,Collins Key,240,21.1M,"4,647,192,559"
190,191st,A,Jersael Misraim Celada,156,106K,"50,885,498"
191,192nd,A,Entertainment Tonight,"28,619",2.92M,"2,593,105,144"
192,193rd,A,Anarhot,50,182K,"5,934,255"
193,194th,A,Netflix Jr.,613,2.16M,"1,708,329,046"
194,195th,A,A for Adley - Learning & Fun,323,1.86M,"1,745,512,824"
195,196th,A,T-FUN,658,3.18M,"819,129,465"
196,197th,A,JTV Ethiopia,"1,002",291K,"50,421,233"
197,198th,A,BeckyGVEVO,77,6.46M,"6,497,087,401"
198,199th,A,LosAngelesAzulesVEVO,83,1.65M,"5,737,968,818"
199,200th,A,Boram Tube PRT,92,2.05M,"463,155,177"
200,201st,A,Disney Channel,"3,305",4.23M,"1,811,553,780"
201,202nd,A,PrestonPlayz,293,5.15M,"1,082,065,445"
202,203rd,A,Micoolaw,59,76.9K,"49,265,311"
203,204th,A,SHEIN,635,53.9K,"714,735,427"
204,205th,A,Avang Music,"1,513",765K,"798,348,749"
205,206th,A,SuperHeroKids,269,4.84M,"2,732,029,996"
206,207th,A,mr_ fboy,32,285K,"19,031"
207,208th,A,KOCOWA TV,"8,266",4.55M,"2,309,475,541"
208,209th,A,UZBEST TV,34,294K,"47,873,047"
209,210th,A,funniflix,430,2.36M,"1,424,441,230"
210,211th,A,Good Mythical Morning,"2,438",16.4M,"6,323,266,025"
211,212th,A,Bruno Mars,67,26.9M,"11,744,625,122"
212,213th,A,Ksysha Kids TV,138,6.47M,"1,614,720,210"
213,214th,A,Vlad e Nikita,161,3.16M,"834,649,163"
214,215th,A,Guava Juice,"1,488",15.2M,"6,909,644,168"
215,216th,A,Maymo,355,8.81M,"3,349,006,076"
216,217th,A,PaoloTomenes,567,381K,"46,103,336"
217,218th,A,LTT Nerf War,816,3.8M,"1,843,324,249"
218,219th,A,Skanmix,139,740K,"210,217,756"
219,220th,A,Neo Tech HD,37,438K,"92,030,003"
220,221st,A,TEDx Talks,"153,333",24M,"4,363,533,277"
221,222nd,A,123 GO!,94,6.18M,"1,782,086,872"
222,223rd,A,Fueled By Ramen,"1,144",12.9M,"10,278,405,553"
223,224th,A,BlackEyedPeasVEVO,71,3.96M,"5,312,862,669"
224,225th,A,Team Coco,"8,532",7.87M,"6,693,130,193"
225,226th,A,Diana Show PRT,143,3.78M,"799,239,408"
226,227th,A,Milusik Lanusik,205,5.64M,"1,955,406,477"
227,228th,A,JCNewly,143,6.65K,"46,455,473"
228,229th,A,Triple X,8,211K,"821,463"
229,230th,A,Chad Wild Clay,390,11M,"3,153,953,735"
230,231st,A,Tayo the Little Bus,"1,893",5.29M,"4,445,715,846"
231,232nd,A,5-Minute Crafts GIRLY,"2,208",18.2M,"3,460,494,576"
232,233rd,A,Logan Paul,693,21M,"5,116,047,550"
233,234th,A,★ Kids Roma Show,467,11M,"2,887,918,630"
234,235th,A,Grammarly,63,132K,"1,860,794,238"
235,236th,A,NAVGTR,"1,322",9.55K,"42,845,983"
236,237th,A,Quibi,58,61.4K,"202,751,119"
237,238th,A,GamingWithJen,506,5.13M,"1,103,042,457"
238,239th,A,GamingWithKev,"1,879",5.78M,"3,095,826,656"
239,240th,A,ChrisBrownVEVO,233,12.3M,"9,472,284,126"
240,241st,A,Netflix,"3,776",13.6M,"2,751,325,244"
241,242nd,A,BeyoncéVEVO,141,13.3M,"10,661,706,891"
242,243rd,A,MalumaVEVO,113,14.6M,"13,212,820,457"
243,244th,A,Kedoo ToonsTV - Funny Animations f…,580,2.51M,"936,377,700"
244,245th,A,PowerfulJRE,"2,361",7.98M,"2,054,976,464"
245,246th,A,RomeoSantosVEVO,161,9M,"9,396,425,529"
246,247th,A,Moonbug Kids - Cartoons & Nursery …,505,1.74M,"464,543,675"
247,248th,A,Coco Jelly - Kids Songs,599,220K,"322,073,020"
248,249th,A,Linkin Park,497,15.8M,"8,088,860,682"
249,250th,A,ExplosmEntertainment,663,10.4M,"3,056,238,877"
