电影名称,上映时间,票房(万元),平均票价,场均人次,电影链接
哪吒之魔童降世,2019-07-26 上映,322752,73.810269,117,http://piaofang.maoyan.com/movie/1211270
流浪地球,2019-02-05 上映,5104666,55.34344,119,http://piaofang.maoyan.com/movie/248906
复仇者联盟4：终局之战,2019-04-24 上映,5115922,54.93784,117,http://piaofang.maoyan.com/movie/248172
我和我的祖国,2019-09-30 上映,76117710,78.4611628,73,http://piaofang.maoyan.com/movie/1277939
中国机长,2019-09-30 上映,1192733,78.789285,1110,http://piaofang.maoyan.com/movie/1230121
疯狂的外星人,2019-02-05 上映,11116688,56.9931097,72,http://piaofang.maoyan.com/movie/344869
飞驰人生,2019-02-05 上映,681110115,56.1087244,113,http://piaofang.maoyan.com/movie/1218091
烈火英雄,2019-08-01 上映,682764,73.41051073,69,http://piaofang.maoyan.com/movie/1243361
少年的你,2019-10-25 上映,6331028,710.69107118,610,http://piaofang.maoyan.com/movie/1218029
速度与激情：特别行动,2019-08-23 上映,6575115,73.101075105,63,http://piaofang.maoyan.com/movie/1215605
蜘蛛侠：英雄远征,2019-06-28 上映,656856,73.491044,68,http://piaofang.maoyan.com/movie/1198925
扫毒2天地对决,2019-07-05 上映,6766710,710.7785108,610,http://piaofang.maoyan.com/movie/1218141
大黄蜂,2019-01-04 上映,665953,73.9210310,66,http://piaofang.maoyan.com/movie/1206875
攀登者,2019-09-30 上映,629599,78.25106610,1111,http://piaofang.maoyan.com/movie/1250700
惊奇队长,2019-03-08 上映,6275910,78.6810115,65,http://piaofang.maoyan.com/movie/341139
比悲伤更悲伤的故事,2019-03-14 上映,93883,72.8115114,63,http://piaofang.maoyan.com/movie/1216383
哥斯拉2：怪兽之王,2019-05-31 上映,9781111,710.2109911,65,http://piaofang.maoyan.com/movie/246061
阿丽塔：战斗天使,2019-02-22 上映,491084,78.471125,65,http://piaofang.maoyan.com/movie/410629
银河补习班,2019-07-18 上映,488103,75.62238,610,http://piaofang.maoyan.com/movie/1229534
狮子王,2019-07-12 上映,477811,73.94978,610,http://piaofang.maoyan.com/movie/1189879
误杀,2020-07-20 上映,476810,77.92767,63,http://piaofang.maoyan.com/movie/1218273
冰雪奇缘2,2019-11-22 上映,4111182,75.581010910,611,http://piaofang.maoyan.com/movie/247949
反贪风暴4,2019-04-04 上映,89434,75.989784,66,http://piaofang.maoyan.com/movie/1211727
叶问4：完结篇,2019-12-20 上映,810754,73.711576,610,http://piaofang.maoyan.com/movie/1190122
熊出没·原始时代,2019-02-05 上映,86824,79.21148210,1111,http://piaofang.maoyan.com/movie/1243239
使徒行者2：谍影行动,2019-08-07 上映,82646,710.11451011,68,http://piaofang.maoyan.com/movie/1197417
大侦探皮卡丘,2019-05-10 上映,105239,73.5531011,62,http://piaofang.maoyan.com/movie/346629
新喜剧之王,2019-02-05 上映,1011863,511.38935,115,http://piaofang.maoyan.com/movie/580298
千与千寻,2019-06-21 上映,544116,76.111137811,611,http://piaofang.maoyan.com/movie/1212
绿皮书,2019-03-01 上映,5841011,77.693858,67,http://piaofang.maoyan.com/movie/1206605
白蛇：缘起,2019-01-11 上映,53593,75.51169410,62,http://piaofang.maoyan.com/movie/1235560
最好的我们,2019-06-06 上映,56869,711.11974910,62,http://piaofang.maoyan.com/movie/1242431
X战警：黑凤凰,2019-06-06 上映,52963,710.81168105,66,http://piaofang.maoyan.com/movie/344328
诛仙1,2019-09-13 上映,525104,710.6711225,9,http://piaofang.maoyan.com/movie/360504
“大”人物,2019-01-10 上映,789410,710.6411328,9,http://piaofang.maoyan.com/movie/1174518
何以为家,2019-04-29 上映,78583,76.5114786,62,http://piaofang.maoyan.com/movie/1218727
阿拉丁,2019-05-24 上映,710465,710.3477711,62,http://piaofang.maoyan.com/movie/1207959
驯龙高手3,2019-03-01 上映,710895,73.103941010,66,http://piaofang.maoyan.com/movie/247295
来电狂响,2018-12-28 上映,7108911,75.4510510,62,http://piaofang.maoyan.com/movie/1240159
老师·好,2019-03-22 上映,73352,75.64667,9,http://piaofang.maoyan.com/movie/1212492
终结者：黑暗命运,2019-11-01 上映,733114,77.683378,66,http://piaofang.maoyan.com/movie/247730
沉睡魔咒2,2019-10-18 上映,7510611,73.65666,66,http://piaofang.maoyan.com/movie/345419
调音师,2019-04-03 上映,711369,711.11104555,62,http://piaofang.maoyan.com/movie/1239544
罗小黑战记,2019-09-07 上映,76326,77.7113985,4,http://piaofang.maoyan.com/movie/359377
追龙Ⅱ,2019-06-06 上映,729210,710.11105327,66,http://piaofang.maoyan.com/movie/1218215
黑衣人：全球追缉,2019-06-14 上映,728910,710.7789,4,http://piaofang.maoyan.com/movie/346559
雷霆沙赞！,2019-04-05 上映,1195811,710.967411,4,http://piaofang.maoyan.com/movie/248123
决战中途岛,2019-11-08 上映,119794,711.5104728,9,http://piaofang.maoyan.com/movie/1163219
天气之子,2019-11-01 上映,1144109,72.9361189,66,http://piaofang.maoyan.com/movie/1250952
勇敢者游戏2：再战巅峰,2019-12-06 上映,114438,75.4355115,9,http://piaofang.maoyan.com/movie/1217125
死侍2：我爱我家,2019-01-25 上映,1141042,711.86279,4,http://piaofang.maoyan.com/movie/345808
小小的愿望,2019-09-12 上映,1184411,77.117696,9,http://piaofang.maoyan.com/movie/1227611
犯罪现场,2019-10-12 上映,113596,73.4411944,66,http://piaofang.maoyan.com/movie/342146
双子杀手,2019-10-18 上映,117384,78.9931011,62,http://piaofang.maoyan.com/movie/503342
密室逃生,2019-01-18 上映,1171188,711.766258,62,http://piaofang.maoyan.com/movie/1238846
名侦探柯南：绀青之拳,2019-09-13 上映,117694,76.642824,9,http://piaofang.maoyan.com/movie/1258394
大约在冬季,2019-11-15 上映,1111857,73.761069,8,http://piaofang.maoyan.com/movie/1250662
两只老虎,2019-11-29 上映,1111742,75.116781111,4,http://piaofang.maoyan.com/movie/1277644
受益人,2019-11-08 上映,116923,73.78101197,4,http://piaofang.maoyan.com/movie/1250690
航海王：狂热行动,2019-10-18 上映,112597,72.1092784,62,http://piaofang.maoyan.com/movie/1249366
南方车站的聚会,2019-12-06 上映,1121136,73.11361123,4,http://piaofang.maoyan.com/movie/1217041
玩具总动员4,2019-06-21 上映,112287,73.843935,9,http://piaofang.maoyan.com/movie/246264
利刃出鞘,2019-11-29 上映,699611,77.102811510,62,http://piaofang.maoyan.com/movie/1258163
一条狗的使命2,2019-05-17 上映,691042,72.993537,10,http://piaofang.maoyan.com/movie/1254277
沉默的证人,2019-08-16 上映,64629,77.11667811,66,http://piaofang.maoyan.com/movie/1207237
一吻定情,2019-02-14 上映,68744,74.1147210,63,http://piaofang.maoyan.com/movie/344262
宠爱,2019-12-31 上映,68759,75.93933,76,http://piaofang.maoyan.com/movie/1279731
天·火,2019-12-12 上映,610737,73.8693,66,http://piaofang.maoyan.com/movie/1238837
海王,2018-12-07 上映,610249,73.386528,9,http://piaofang.maoyan.com/movie/249342
爱宠大机密2,2019-07-05 上映,635117,77.1034498,9,http://piaofang.maoyan.com/movie/1211345
神探蒲松龄,2019-02-05 上映,63784,511.2541010,610,http://piaofang.maoyan.com/movie/1206836
只有芸知道,2019-12-20 上映,636710,73.649974,9,http://piaofang.maoyan.com/movie/1297995
小飞象,2019-03-29 上映,65886,73.73387,4,http://piaofang.maoyan.com/movie/346765
海上钢琴师,2019-11-15 上映,65783,711.447103,4,http://piaofang.maoyan.com/movie/1292
半个喜剧,2019-12-20 上映,6511109,73.2261055,62,http://piaofang.maoyan.com/movie/1228869
我为你牺牲,2019-12-05 上映,65698,39.6237,711,http://piaofang.maoyan.com/movie/1284594
愤怒的小鸟2,2019-08-16 上映,65253,711.31088810,62,http://piaofang.maoyan.com/movie/1170287
下一任：前任,2019-05-01 上映,671188,75.71186311,62,http://piaofang.maoyan.com/movie/1228776
哆啦A梦：大雄的月球探险记,2019-06-01 上映,67656,72.694797,62,http://piaofang.maoyan.com/movie/1226516
雪人奇缘,2020-08-14 上映,6119810,78.8911665,65,http://piaofang.maoyan.com/movie/1225993
星球大战：天行者崛起,2019-12-20 上映,61110510,79.5545410,4,http://piaofang.maoyan.com/movie/443387
小猪佩奇过大年,2019-02-05 上映,611599,511.738377,64,http://piaofang.maoyan.com/movie/1233150
上海堡垒,2019-08-09 上映,611747,78.7610368,62,http://piaofang.maoyan.com/movie/342903
决胜时刻,2019-09-20 上映,611747,79.1139744,9,http://piaofang.maoyan.com/movie/1277982
廉政风云,2019-02-05 上映,611639,57.78911,63,http://piaofang.maoyan.com/movie/1215114
夏目友人帐,2019-03-07 上映,6631110,72.7116104,9,http://piaofang.maoyan.com/movie/1250341
一个母亲的复仇,2019-05-10 上映,661195,72.477225,8,http://piaofang.maoyan.com/movie/883196
小Q,2019-09-20 上映,66692,77.41085,3,http://piaofang.maoyan.com/movie/1240752
海市蜃楼,2019-03-28 上映,66244,711.52496,9,http://piaofang.maoyan.com/movie/1219670
鼠胆英雄,2019-08-02 上映,626107,73.5244210,67,http://piaofang.maoyan.com/movie/1207254
波西米亚狂想曲,2019-03-22 上映,9928,79.37488,611,http://piaofang.maoyan.com/movie/1167831
催眠·裁决,2019-10-25 上映,98106,710.6497510,8,http://piaofang.maoyan.com/movie/345397
绝杀慕尼黑,2019-06-13 上映,9646,711.262103,9,http://piaofang.maoyan.com/movie/1204589
全职高手之巅峰荣耀,2019-08-16 上映,4334,73.75981011,9,http://piaofang.maoyan.com/movie/1209269
霹雳娇娃,2019-11-15 上映,8395,711.468998,10,http://piaofang.maoyan.com/movie/342773
巨鳄风暴,2019-09-12 上映,8558,72.9241157,8,http://piaofang.maoyan.com/movie/1222078
蜘蛛侠：平行宇宙,2018-12-21 上映,871110,710.11611358,4,http://piaofang.maoyan.com/movie/1212512
被光抓走的人,2019-12-13 上映,8296,710.6948810,3,http://piaofang.maoyan.com/movie/1251281
祈祷落幕时,2019-04-12 上映,108105,711.757278,10,http://piaofang.maoyan.com/movie/1205909
风中有朵雨做的云,2019-04-04 上映,10594,73.93116311,8,http://piaofang.maoyan.com/movie/345875
猪八戒传说,2019-07-19 上映,107910,59.438595,711,http://piaofang.maoyan.com/movie/345797
人间·喜剧,2019-03-29 上映,107116,73.745553,3,http://piaofang.maoyan.com/movie/1206824
碟仙,2019-06-21 上映,3354,119.71052113,4,http://piaofang.maoyan.com/movie/1211698
古田军号,2019-08-01 上映,3599,74.35210810,5,http://piaofang.maoyan.com/movie/1242130
友情以上,2019-09-20 上映,311112,72.10117528,10,http://piaofang.maoyan.com/movie/1245196
妈阁是座城,2019-06-14 上映,36910,75.233988,10,http://piaofang.maoyan.com/movie/246973
掠食城市,2019-01-18 上映,3237,710.27310410,10,http://piaofang.maoyan.com/movie/457445
特警队,2019-12-27 上映,3278,73.34111127,10,http://piaofang.maoyan.com/movie/1237279
五月天人生无限公司,2019-05-24 上映,32116,74.7475810,3,http://piaofang.maoyan.com/movie/1233255
吹哨人,2019-12-06 上映,3265,710.1110211,10,http://piaofang.maoyan.com/movie/1227006
神奇乐园历险记,2019-04-19 上映,5886,711.9105101110,8,http://piaofang.maoyan.com/movie/1211412
你是凶手,2019-11-22 上映,5832,75.8611583,3,http://piaofang.maoyan.com/movie/346690
地久天长,2019-03-22 上映,53117,710.4115111110,8,http://piaofang.maoyan.com/movie/507792
狂暴凶狮,2019-03-22 上映,55102,119.86119910,10,http://piaofang.maoyan.com/movie/907653
钢铁飞龙之奥特曼崛起,2019-01-18 上映,55511,73.1024658,10,http://piaofang.maoyan.com/movie/1239844
铤而走险,2019-08-30 上映,55114,73.3973410,5,http://piaofang.maoyan.com/movie/1229683
亲爱的新年好,2019-12-31 上映,56411,73.4411410,68,http://piaofang.maoyan.com/movie/1298827
一生有你2019,2019-11-29 上映,5684,76.531110118,3,http://piaofang.maoyan.com/movie/246300
为爱重生,2019-07-25 上映,5284,78.10107564,34,http://piaofang.maoyan.com/movie/1291012
跳舞吧！大象,2019-07-26 上映,7963,75.8421084,3,http://piaofang.maoyan.com/movie/1226558
我的英雄学院：两位英雄,2019-03-15 上映,7488,76.5481077,10,http://piaofang.maoyan.com/movie/1220571
一条狗的回家路,2019-01-18 上映,71053,72.481034,10,http://piaofang.maoyan.com/movie/1215867
徒手攀岩,2019-09-06 上映,71056,710.248747,3,http://piaofang.maoyan.com/movie/1238399
猪猪侠·不可思议的世界,2019-07-05 上映,71066,711.1144106,10,http://piaofang.maoyan.com/movie/1234461
无所不能,2019-06-05 上映,7357,76.3118627,4,http://piaofang.maoyan.com/movie/887623
红星照耀中国,2019-08-08 上映,7563,73.2438910,5,http://piaofang.maoyan.com/movie/1263074
海林都,2019-11-21 上映,7528,55.10109793,106,http://piaofang.maoyan.com/movie/1301459
心灵的阳光,2011-12-31 上映,77611,711.1067105,106,http://piaofang.maoyan.com/movie/487449
家和万事惊,2019-01-18 上映,71182,79.9971095,8,http://piaofang.maoyan.com/movie/1216267
命运之夜——天之杯：恶兆之花,2019-01-11 上映,76104,711.66375,3,http://piaofang.maoyan.com/movie/341229
龙珠超：布罗利,2019-05-24 上映,76103,76.35577,7,http://piaofang.maoyan.com/movie/1219454
秦明·生死语者,2019-06-14 上映,119911,72.1069457,3,http://piaofang.maoyan.com/movie/1207185
命运之夜——天之杯II ：迷失之蝶,2019-07-12 上映,11982,711.669823,8,http://piaofang.maoyan.com/movie/414997
送我上青云,2019-08-16 上映,11937,73.1164953,8,http://piaofang.maoyan.com/movie/1215786
云南虫谷,2018-12-29 上映,114104,73.4811268,3,http://piaofang.maoyan.com/movie/345655
赛尔号大电影7：疯狂机器城,2019-08-02 上映,1141011,75.21123,9,http://piaofang.maoyan.com/movie/1260459
周恩来回延安,2019-05-15 上映,11472,72.1129357,66,http://piaofang.maoyan.com/movie/1234382
雪暴,2019-04-30 上映,114112,73.2611688,3,http://piaofang.maoyan.com/movie/672279
我和神马查干,2012-12-05 上映,1110113,114.54811810,75,http://piaofang.maoyan.com/movie/330115
照相师,2018-12-12 上映,111022,78.75537,56,http://piaofang.maoyan.com/movie/1228750
大路朝天,2018-12-22 上映,113107,74.9102698,107,http://piaofang.maoyan.com/movie/1249315
解放·终局营救,2019-12-27 上映,11336,58.8310895,3,http://piaofang.maoyan.com/movie/1261203
长安道,2019-11-15 上映,115910,78.9211693,3,http://piaofang.maoyan.com/movie/346640
小巷管家,2019-10-29 上映,11534,79.74112511,107,http://piaofang.maoyan.com/movie/1300417
我的拳王男友,2019-11-08 上映,11536,33.63810910,3,http://piaofang.maoyan.com/movie/1215326
深夜食堂,2019-08-30 上映,11569,77.117388,7,http://piaofang.maoyan.com/movie/1183641
潜艇总动员：外星宝贝计划,2019-06-01 上映,11794,711.47310107,10,http://piaofang.maoyan.com/movie/1279730
触不可及,2019-11-22 上映,11797,76.1010949,5,http://piaofang.maoyan.com/movie/597919
我想吃掉你的胰脏,2019-01-18 上映,11792,72.275311,3,http://piaofang.maoyan.com/movie/1238862
巧虎大飞船历险记,2019-06-01 上映,11745,78.111110998,9,http://piaofang.maoyan.com/movie/1278409
如影随心,2019-04-19 上映,117104,73.106926,11,http://piaofang.maoyan.com/movie/1207260
冰雪女王4：魔镜世界,2019-08-02 上映,11738,76.3844116,8,http://piaofang.maoyan.com/movie/1240397
星际探索,2019-12-05 上映,111143,77.1121010103,5,http://piaofang.maoyan.com/movie/605319
素人特工,2019-07-12 上映,111154,75.86445,5,http://piaofang.maoyan.com/movie/1213262
打过长江去,2019-10-16 上映,11697,79.75924,76,http://piaofang.maoyan.com/movie/1251174
唐顿庄园,2019-12-13 上映,11638,73.10326911,8,http://piaofang.maoyan.com/movie/1203825
保持沉默,2019-08-23 上映,11633,75.69744,3,http://piaofang.maoyan.com/movie/341379
宝莱坞机器人2.0:重生归来,2019-09-06 上映,11652,76.4731093,7,http://piaofang.maoyan.com/movie/894477
印度暴徒,2018-12-28 上映,11672,72.956535,8,http://piaofang.maoyan.com/movie/1204476
海蒂和爷爷,2019-05-16 上映,11297,76.887103,3,http://piaofang.maoyan.com/movie/337625
八子,2019-06-21 上映,112810,76.648439,5,http://piaofang.maoyan.com/movie/1262593
早安公主,2019-12-13 上映,112118,37.4310887,73,http://piaofang.maoyan.com/movie/1132247
龙牌之谜,2019-08-16 上映,112115,75.1146684,10,http://piaofang.maoyan.com/movie/343473
回到过去拥抱你,2019-07-26 上映,6987,75.93348,5,http://piaofang.maoyan.com/movie/1205779
托马斯大电影之世界探险记,2019-05-31 上映,6986,711.107101193,8,http://piaofang.maoyan.com/movie/1225975
最佳男友进化论,2019-04-12 上映,6937,75.1162109,7,http://piaofang.maoyan.com/movie/368260
悟空奇遇记,2019-05-01 上映,6925,119.439229,8,http://piaofang.maoyan.com/movie/672379
九龙不败,2019-07-02 上映,6484,711.3341135,7,http://piaofang.maoyan.com/movie/346172
狗眼看人心,2019-04-20 上映,64106,77.76107810,5,http://piaofang.maoyan.com/movie/1263355
乐高大电影2,2019-03-22 上映,6455,77.823437,3,http://piaofang.maoyan.com/movie/341220
闪闪的红星,2007-10-01 上映,6423,78.91066711,43,http://piaofang.maoyan.com/movie/246995
看不见的小孩,2019-07-19 上映,64211,119.694255,10,http://piaofang.maoyan.com/movie/1229688
双生,2019-05-18 上映,681010,711.11102611,11,http://piaofang.maoyan.com/movie/345621
朝花夕誓-于离别之朝束起约定之花,2019-02-22 上映,68113,76.116114811,10,http://piaofang.maoyan.com/movie/1214652
奎迪：英雄再起,2019-01-04 上映,61044,76.7741011,5,http://piaofang.maoyan.com/movie/345172
未来机器城,2019-07-19 上映,61048,711.3895,5,http://piaofang.maoyan.com/movie/1219932
转型团伙,2019-04-19 上映,610810,119.833294,7,http://piaofang.maoyan.com/movie/1162868
昆虫总动员2-来自远方的后援军,2019-08-23 上映,61053,77.1061166,10,http://piaofang.maoyan.com/movie/1239976
地球最后的夜晚,2018-12-31 上映,61079,78.1147597,5,http://piaofang.maoyan.com/movie/345036
叶问外传：张天志,2018-12-21 上映,61029,73.26331110,10,http://piaofang.maoyan.com/movie/1200265
古镇画情,2009-12-31 上映,63106,711.277998,711,http://piaofang.maoyan.com/movie/643506
女王的柯基,2019-08-30 上映,6378,711.45811210,3,http://piaofang.maoyan.com/movie/1262590
我的青春都是你,2019-06-21 上映,6549,76.759765,7,http://piaofang.maoyan.com/movie/1197934
进京城,2019-05-10 上映,65104,710.991061010,8,http://piaofang.maoyan.com/movie/342893
龙猫,2018-12-14 上映,6563,711.65911910,4,http://piaofang.maoyan.com/movie/123
毕业那年：分手季,2014-10-17 上映,6529,77.911658,105,http://piaofang.maoyan.com/movie/246165
游戏人生 零,2019-07-19 上映,6793,72.1033354,10,http://piaofang.maoyan.com/movie/1203673
若能与你共乘海浪之上,2019-12-07 上映,6795,119.111157119,5,http://piaofang.maoyan.com/movie/1257417
黄玫瑰,2019-05-25 上映,6783,52.11810635,45,http://piaofang.maoyan.com/movie/1213186
那时风华,2019-12-10 上映,6733,74.7410845,3,http://piaofang.maoyan.com/movie/1277527
检察方的罪人,2019-09-06 上映,6774,75.329311,3,http://piaofang.maoyan.com/movie/1205290
我在耀瓷小镇等你,2019-10-18 上映,6766,626.894345,88,http://piaofang.maoyan.com/movie/1298803
冰峰暴,2019-11-29 上映,61187,710.785923,11,http://piaofang.maoyan.com/movie/1216179
太阳升起的时刻,2019-10-25 上映,61178,78.531010810,4,http://piaofang.maoyan.com/movie/1300298
今夜在浪漫剧场,2019-02-14 上映,611711,75.495811,8,http://piaofang.maoyan.com/movie/1205582
德鲁大叔,2019-01-11 上映,61162,119.899758,3,http://piaofang.maoyan.com/movie/1217351
天使陷落,2019-12-31 上映,6644,76.953933,66,http://piaofang.maoyan.com/movie/1196202
桂香街,2019-07-22 上映,66103,77.848834,102,http://piaofang.maoyan.com/movie/1285674
宠物联盟,2019-11-08 上映,66118,72.968885,3,http://piaofang.maoyan.com/movie/1298835
青蛙王子历险记,2019-04-05 上映,66112,710.111010937,3,http://piaofang.maoyan.com/movie/1229702
小羊肖恩2：末日农场,2019-12-28 上映,6626,119.8946711,10,http://piaofang.maoyan.com/movie/1213293
大梦难忘,2019-11-26 上映,6622,310.83599,112,http://piaofang.maoyan.com/movie/1301384
侠路相逢,2019-10-18 上映,6294,58.752768,67,http://piaofang.maoyan.com/movie/1227005
骡子,2019-08-26 上映,6242,710.5435610,10,http://piaofang.maoyan.com/movie/1217246
四个春天,2019-01-04 上映,6233,710.91178113,10,http://piaofang.maoyan.com/movie/1229697
撞死了一只羊,2019-04-26 上映,6279,74.11710118,8,http://piaofang.maoyan.com/movie/1230152
过春天,2019-03-15 上映,993,75.811634,5,http://piaofang.maoyan.com/movie/1229799
死寂逃亡,2019-08-30 上映,992,119.9510677,5,http://piaofang.maoyan.com/movie/902819
黄大年,2018-12-12 上映,936,56.37883,115,http://piaofang.maoyan.com/movie/1228046
平原上的夏洛克,2019-11-29 上映,955,78.1071028,7,http://piaofang.maoyan.com/movie/1284949
天渠,2018-11-30 上映,957,79.923277,87,http://piaofang.maoyan.com/movie/1246221
天作谜案,2019-10-25 上映,9118,72.4271010,7,http://piaofang.maoyan.com/movie/1215348
捉妖学院,2019-04-04 上映,9112,49.681063,58,http://piaofang.maoyan.com/movie/1189325
乡村青年,2018-12-13 上映,967,628.898311,35,http://piaofang.maoyan.com/movie/1250610
在乎你,2019-04-12 上映,449,511.81097311,11,http://piaofang.maoyan.com/movie/1213175
机动战士高达NT,2019-07-12 上映,486,711.11107288,5,http://piaofang.maoyan.com/movie/1230509
毕业那年,2012-09-21 上映,482,72.53117115,79,http://piaofang.maoyan.com/movie/836
特别追踪,2018-09-19 上映,41010,54.573105,52,http://piaofang.maoyan.com/movie/1238775
萌宠特工队,2019-11-15 上映,436,114.7109533,10,http://piaofang.maoyan.com/movie/1278145
燃点,2019-01-11 上映,457,78.310410811,611,http://piaofang.maoyan.com/movie/1220833
隧道尽头,2019-07-25 上映,463,77.57211108,10,http://piaofang.maoyan.com/movie/644501
最长1枪,2019-09-06 上映,462,77.8102527,5,http://piaofang.maoyan.com/movie/1203775
战斗民族养成记,2019-01-24 上映,4210,77.10106537,7,http://piaofang.maoyan.com/movie/1204080
大侦探霍桑,2019-01-25 上映,422,119.1098247,11,http://piaofang.maoyan.com/movie/345918
森林奇缘,2019-01-18 上映,894,119.8510467,3,http://piaofang.maoyan.com/movie/888384
为国而歌,2019-10-18 上映,895,119.3118994,7,http://piaofang.maoyan.com/movie/1256872
武陵山上的星光,2019-05-18 上映,846,310.4117838,78,http://piaofang.maoyan.com/movie/1277746
虫林大作战,2019-04-13 上映,885,114.73210,3,http://piaofang.maoyan.com/movie/1206415
港珠澳大桥,2019-05-01 上映,833,711.61042310,8,http://piaofang.maoyan.com/movie/1239281
欲念游戏,2019-04-12 上映,858,76.3881184,11,http://piaofang.maoyan.com/movie/1156894
中国合伙人2,2018-12-18 上映,856,53.91051075,76,http://piaofang.maoyan.com/movie/1229915
盛世秧歌,2007-12-31 上映,875,36.325397,74,http://piaofang.maoyan.com/movie/319904
童童的风铃密室,2019-08-09 上映,827,77.285483,10,http://piaofang.maoyan.com/movie/1286498
夜伴歌声,2019-03-22 上映,1095,59.955106,3,http://piaofang.maoyan.com/movie/1254051
龟兔大作战,2018-12-30 上映,1089,109.657411,62,http://piaofang.maoyan.com/movie/1244914
达道里,2019-09-27 上映,1085,911.48115,103,http://piaofang.maoyan.com/movie/1298801
变化中的中国·生活因你而火热,2019-11-22 上映,10105,103.41194103,11,http://piaofang.maoyan.com/movie/1301018
养家之人,2019-01-11 上映,1074,711.62381010,7,http://piaofang.maoyan.com/movie/341989
阿里巴巴三根金发,2018-12-30 上映,1077,511.92287,10,http://piaofang.maoyan.com/movie/1218253
逗爱熊仁镇,2019-09-07 上映,1077,711.25945,11,http://piaofang.maoyan.com/movie/1206717
精灵怪物：疯狂之旅,2019-03-29 上映,10118,76.41185119,7,http://piaofang.maoyan.com/movie/343987
断片之险途夺宝,2018-12-29 上映,1063,77.11932411,7,http://piaofang.maoyan.com/movie/1189514
一生只为一事来,2019-09-09 上映,399,1110.878114,9,http://piaofang.maoyan.com/movie/1281118
昆仑兄弟,2019-12-31 上映,338,119.461011410,117,http://piaofang.maoyan.com/movie/1280090
十二生肖之福星高照朱小八,2019-09-13 上映,3310,119.445247,3,http://piaofang.maoyan.com/movie/1285928
大人物,2011-03-11 上映,337,75.8107388,8,http://piaofang.maoyan.com/movie/78582
冷血追击,2019-09-06 上映,378,76.528477,7,http://piaofang.maoyan.com/movie/1176486
古井凶灵,2019-02-22 上映,3710,118.8573511,3,http://piaofang.maoyan.com/movie/1251606
22年后的自白,2019-01-11 上映,373,711.77951011,5,http://piaofang.maoyan.com/movie/1132519
原来如此,2019-04-12 上映,31110,78.8257,9,http://piaofang.maoyan.com/movie/1239678
疯狂梦幻城,2019-09-21 上映,31111,32.1031123,63,http://piaofang.maoyan.com/movie/1295309
废柴老爸,2019-06-15 上映,3116,119.246435,3,http://piaofang.maoyan.com/movie/1184910
功夫四侠：勇闯地宫,2019-04-05 上映,369,75.54881010,66,http://piaofang.maoyan.com/movie/1217497
国礼,2019-09-20 上映,363,54.3101134,56,http://piaofang.maoyan.com/movie/1200783
零零后,2019-09-03 上映,366,72.431081111,67,http://piaofang.maoyan.com/movie/1298696
罗马,2019-05-10 上映,362,78.7722711,5,http://piaofang.maoyan.com/movie/445609
江南,2019-09-27 上映,328,78.3691037,62,http://piaofang.maoyan.com/movie/1284264
闯堂兔3囧囧时光机,2019-01-18 上映,326,119.4321195,7,http://piaofang.maoyan.com/movie/1240859
音乐家,2019-05-17 上映,594,119.3443910,3,http://piaofang.maoyan.com/movie/1206829
三傻闹地球,2019-10-26 上映,544,72.838293,5,http://piaofang.maoyan.com/movie/905675
美食大冒险之英雄烩,2018-08-17 上映,542,79.78111011,8,http://piaofang.maoyan.com/movie/334625
追凶十九年,2019-11-22 上映,583,75.6533810,11,http://piaofang.maoyan.com/movie/1201711
动物出击,2019-04-30 上映,5108,73.6114887,5,http://piaofang.maoyan.com/movie/1243904
水族魂1944,2018-12-21 上映,533,52.22539,622,http://piaofang.maoyan.com/movie/1249215
萤火奇兵2：小虫不好惹,2019-11-02 上映,535,114.118976,3,http://piaofang.maoyan.com/movie/1262185
远去的牧歌,2018-09-11 上映,532,55.99104811,114,http://piaofang.maoyan.com/movie/1236912
急速逃脱,2019-10-12 上映,5510,72.114911211,11,http://piaofang.maoyan.com/movie/1219701
狭路相逢,2014-12-31 上映,51111,39.452945,56,http://piaofang.maoyan.com/movie/668097
罗宾汉：起源,2019-12-27 上映,568,75.53397,11,http://piaofang.maoyan.com/movie/341823
坂本龙一：终曲,2019-12-16 上映,567,78.5246117,10,http://piaofang.maoyan.com/movie/1203046
阳台上,2019-03-15 上映,799,711.113811108,11,http://piaofang.maoyan.com/movie/1212353
浴血广昌,2018-08-01 上映,793,310.6323,47,http://piaofang.maoyan.com/movie/1223430
道具师,2019-10-31 上映,744,114.21167114,5,http://piaofang.maoyan.com/movie/1278472
灰猴,2019-07-23 上映,744,76.538388,11,http://piaofang.maoyan.com/movie/1229894
亲密旅行,2019-10-03 上映,743,75.9103587,3,http://piaofang.maoyan.com/movie/1260354
花儿与歌声,2019-05-31 上映,788,72.289383,610,http://piaofang.maoyan.com/movie/1281621
尺八·一声一世,2019-05-31 上映,783,710.9481010,62,http://piaofang.maoyan.com/movie/1215829
民警攻略,2019-11-13 上映,785,78.51151077,1110,http://piaofang.maoyan.com/movie/1290390
衣柜里的冒险王,2019-11-29 上映,787,76.610811410,11,http://piaofang.maoyan.com/movie/518396
丑娃娃,2019-10-13 上映,7103,76.3251047,7,http://piaofang.maoyan.com/movie/1178432
境·界,2019-04-19 上映,7107,72.944858,6,http://piaofang.maoyan.com/movie/581264
毕业的我们,2019-08-27 上映,754,72.95781110,112,http://piaofang.maoyan.com/movie/1278495
醒来之爱的呼唤,2019-03-08 上映,755,118.9102684,67,http://piaofang.maoyan.com/movie/1262087
横财局中局,2019-12-28 上映,778,510.292467,10,http://piaofang.maoyan.com/movie/336934
守灵,2019-04-04 上映,7710,118.7999311,5,http://piaofang.maoyan.com/movie/1206939
企鹅公路,2019-05-17 上映,775,76.8964811,11,http://piaofang.maoyan.com/movie/1217809
他们已不再变老,2019-11-11 上映,775,74.7410911,7,http://piaofang.maoyan.com/movie/1222930
尼斯大冒险,2019-12-28 上映,7113,114.611839,3,http://piaofang.maoyan.com/movie/346409
麦子的盖头,2019-11-15 上映,764,118.973624,63,http://piaofang.maoyan.com/movie/1208595
骑遇,2019-09-06 上映,7610,1010.4108115,87,http://piaofang.maoyan.com/movie/1209089
春天的马拉松,2018-12-14 上映,763,73.10210610,68,http://piaofang.maoyan.com/movie/1243911
极度危机,2019-08-09 上映,763,76.711766,66,http://piaofang.maoyan.com/movie/1209180
魔镜奇缘3,2019-12-14 上映,767,711.81052510,3,http://piaofang.maoyan.com/movie/1263827
面向群众,2018-08-03 上映,726,54.933255,6116,http://piaofang.maoyan.com/movie/1229511
太空狗之月球大冒险,2019-12-14 上映,11410,119.5102357,5,http://piaofang.maoyan.com/movie/1179339
好小子，好功夫,2019-05-31 上映,1142,74.86225,3,http://piaofang.maoyan.com/movie/1281596
