Rank,Grade,Ch_name,Uploads,Subscriptions,Views
1st,A++,T-Series,"14,297",135M,"104,724,369,854"
2nd,A++,Cocomelon - Nursery Rhymes,517,78.2M,"57,054,290,512"
3rd,A++,✿ Kids Diana Show,691,50.9M,"24,157,678,368"
4th,A++,Like Nastya,400,52.2M,"30,591,257,306"
5th,A++,SET India,"37,017",69.3M,"52,149,505,781"
6th,A++,RRcherrypie,327,3.37M,"2,338,829,659"
7th,A++,Movieclips,"35,226",36.3M,"35,055,807,085"
8th,A++,Zee TV,"98,621",43M,"41,544,259,461"
9th,A++,Juguetes con Andre,691,5.17M,"2,355,149,027"
10th,A++,Vlad and Nikita,219,37.7M,"18,074,055,450"
11th,A++,SAB TV,"23,812",29.4M,"25,597,492,503"
12th,A+,Stubborn Facts,177,12.6M,"482,759,111"
13th,A+,Peppa Pig - Official Channel,863,15.1M,"9,301,030,465"
14th,A+,Zee Telugu,"80,636",6.75M,"4,723,120,130"
15th,A+,Al Jazeera Arabic قناة الج�…,"118,070",5.93M,"2,349,293,455"
16th,A+,Bad Bunny,60,24.1M,"7,438,434,195"
17th,A+,턱형 (GOD-TUK),495,1.36M,"410,537,137"
18th,A+,El Reino Infantil,846,32.1M,"28,927,800,632"
19th,A+,WWE,"47,028",57.4M,"41,299,497,565"
20th,A+,Sony PAL,"11,722",10.4M,"5,190,835,062"
21st,A+,Little Baby Bum - Nursery Rhymes &…,"1,165",27.2M,"24,186,464,499"
22nd,A+,shfa,496,19.5M,"7,999,226,575"
23rd,A+,BabyBus - Nursery Rhymes,"1,372",14.9M,"9,254,982,588"
24th,A+,shfa2 - شفا,435,17.9M,"7,083,270,105"
25th,A+,one31,"86,560",22.4M,"17,456,404,522"
26th,A+,Zee Music Company,"4,693",53.1M,"25,075,527,967"
27th,A+,ABS-CBN Entertainment,"139,619",26.3M,"35,089,095,622"
28th,A+,LooLoo Kids - Nursery Rhymes and C…,453,26.9M,"11,555,068,104"
29th,A+,Ryan's World,"1,689",24.6M,"37,867,722,869"
30th,A+,VladTeeVee,381,2.11M,"338,560,498"
31st,A+,SaSa Family Vlog,15,1.28M,"156,799"
32nd,A+,Little Angel: Nursery Rhymes & Kid…,959,12.6M,"7,075,874,792"
33rd,A+,Wave Music,"17,830",33.2M,"22,463,495,723"
34th,A+,VGK,19,1.03M,"292,557,914"
35th,A+,Toys and Colors,411,20.4M,"14,526,056,016"
36th,A+,YRF,"3,766",29.6M,"15,934,227,900"
37th,A+,Sesame Street,"2,982",14.8M,"12,205,429,246"
38th,A+,Shemaroo Filmi Gaane,"6,782",34.4M,"16,498,917,335"
39th,A+,Odia E News,"1,466",838K,"265,026,133"
40th,A+,Long & Junior,67,257K,"284,553,603"
41st,A+,Super Simple Songs - Kids Songs,498,21.8M,"19,368,654,434"
42nd,A+,infobells - Tamil,324,13.1M,"6,270,775,518"
43rd,A+,Onyx Family,496,2.68M,"1,410,977,311"
44th,A+,For Kids Español,59,1.64M,"271,490,587"
45th,A+,Colors TV,"37,912",24.1M,"17,936,052,785"
46th,A+,TVI,"16,969",1.6M,"789,910,928"
47th,A+,BeautyPlus,172,1.11M,"229,176,874"
48th,A+,Aaj Tak,"101,967",33.5M,"10,168,297,152"
49th,A+,Pinkfong! Kids' Songs & Stories,"1,532",31.8M,"13,387,428,540"
50th,A+,GMA Network,"85,123",15.8M,"15,881,486,912"
51st,A+,netd müzik,"12,381",16.8M,"34,932,493,527"
52nd,A+,LUCCAS NETO - LUCCAS TOON,941,29.8M,"10,453,737,557"
53rd,A+,WorkpointOfficial,"43,307",28.4M,"24,557,600,762"
54th,A+,ChuChu TV Nursery Rhymes & Kids So…,353,33.5M,"21,642,455,152"
55th,A+,Aditya Music,"16,668",12.8M,"8,633,485,603"
56th,A+,Like Nastya Show,298,27.6M,"10,106,091,256"
57th,A+,Kids Play,251,8.48M,"2,775,117,985"
58th,A+,قناة طيور الجنة | toy…,"2,631",18.1M,"14,741,959,055"
59th,A+,व्लाद और निक�…,185,6.77M,"2,425,665,460"
60th,A+,Masha and The Bear,474,13.9M,"5,926,262,618"
61st,NaN,POPS Kids,"7,082",11M,"11,078,524,820"
62nd,A,MUSIC BANGLA TV,328,943K,"227,019,598"
63rd,A,Mother Goose Club Playhouse,987,9.2M,"8,707,824,703"
64th,A,MandaPanda Toy Collector,310,425K,"228,347,944"
65th,A,Speed Records,"8,030",29.4M,"15,091,356,919"
66th,A,Max Steel,42,825K,"188,365"
67th,A,MBCentertainment,"74,049",6.86M,"9,251,564,684"
68th,A,Bollywood Classics,"1,818",15.6M,"8,277,994,542"
69th,A,Gaane Sune Ansune,"2,482",21M,"9,520,456,949"
70th,A,Sabi Eva,131,234K,"223,036,927"
71st,A,toyorbabytv,624,11.5M,"7,149,703,286"
72nd,A,Les Anges - La chaîne officielle,"2,480",1.43M,"1,098,412,477"
73rd,A,Tips Official,"2,776",27.1M,"12,065,572,602"
74th,A,HAR PAL GEO,"12,219",7.89M,"4,338,569,200"
75th,A,Big Hit Labels,363,34.6M,"8,801,183,780"
76th,A,Canal KondZilla,"1,387",56.9M,"29,414,628,881"
77th,A,Maria Clara & JP,466,17.8M,"7,137,199,429"
78th,A,Eva Bravo Play,117,4.64M,"1,525,303,238"
79th,A,Shemaroo,"7,233",22M,"11,696,071,452"
80th,A,Infobells - Hindi,330,21.6M,"10,641,654,380"
81st,A,La Granja de Zenón,274,20.3M,"10,913,413,328"
82nd,A,Voot Kids,"1,425",11.9M,"3,183,205,156"
83rd,A,AMARIN TVHD,"98,080",8.94M,"7,071,469,198"
84th,A,edúcate,48,187K,"197,718,797"
85th,A,SonyMusicIndiaVEVO,"3,054",28.9M,"13,749,664,044"
86th,A,Raffy Tulfo in Action,"4,411",11.2M,"5,729,766,445"
87th,A,Diana Kids Stories,149,11.4M,"3,459,735,467"
88th,A,ToyToysBrasil,37,1.42M,"25,211,669"
89th,A,7clouds,959,3.93M,"1,827,338,423"
90th,A,Power Kids TV,659,8.03M,"3,732,178,557"
91st,A,BabyBus - Canciones Infantiles & C…,574,11.8M,"4,841,512,642"
92nd,A,Venus,"4,216",21.2M,"7,778,258,296"
93rd,A,M2,"10,436",5.58M,"3,368,443,971"
94th,A,shfa show India,90,3.59M,"1,197,781,238"
95th,A,TheEllenShow,"11,663",37.2M,"19,484,559,580"
96th,A,НТВ,"43,196",8.61M,"8,471,503,985"
97th,A,Jkk Entertainment,127,15.9M,"5,655,916,984"
98th,A,LETRAS RD,2,250K,"180,383,784"
99th,A,Zadruga Official,"46,692",1.23M,"3,892,532,666"
100th,A,LooLoo Kids TV,32,738K,"184,005,342"
101st,A,Go Turkey,405,52.7K,"550,553,577"
102nd,A,T-Series Bhakti Sagar,"20,731",28.3M,"11,822,535,706"
103rd,A,DisneyMusicVEVO,"1,162",18.6M,"11,965,135,024"
104th,A,ABCkids Misa,47,3.3M,"649,197,634"
105th,A,Talking Tom,269,15.6M,"6,896,234,930"
106th,A,Boram Tube Vlog [보람튜브 브�…,223,24.4M,"9,580,522,703"
107th,A,Little Angel Español - Canciones …,244,9.6M,"3,042,649,271"
108th,A,FGTeeV,"1,338",13.7M,"14,283,440,984"
109th,A,theplatformfilmmake production,9,221K,"147,483,344"
110th,A,infobells - Telugu,306,12.9M,"5,874,005,702"
111th,A,Bounce Patrol - Kids Songs,171,13.9M,"7,787,059,193"
112th,A,TRANS7 OFFICIAL,"48,790",13.5M,"5,786,493,779"
113th,A,The Dodo,"5,434",5.93M,"2,892,577,818"
114th,A,GR6 EXPLODE,"3,089",28.6M,"14,389,597,167"
115th,A,Wow Kidz,"4,753",15.1M,"7,952,872,976"
116th,A,ARY Digital,"24,976",12.6M,"7,125,870,714"
117th,A,OPPO Mobile India,350,5.4M,"2,196,860,344"
118th,A,Aadishakti Films,"3,976",5.42M,"1,908,872,370"
119th,A,Worldwide Records Bhojpuri,"3,481",13.6M,"6,432,173,290"
120th,A,GRAMMY GOLD OFFICIAL,"3,863",12.5M,"11,606,762,794"
121st,A,Saturday Night Live,"7,247",10M,"8,936,403,581"
122nd,A,Ultra Bollywood,"10,366",21.8M,"11,770,250,914"
123rd,A,العراقية التربوية,"4,994",815K,"146,160,388"
124th,A,GMA Public Affairs,"24,516",10M,"5,898,852,151"
125th,A,Sony Music India,"2,596",32.7M,"13,292,717,834"
126th,A,Kênh Thiếu Nhi - BHMEDIA,"6,516",7.16M,"5,407,823,945"
127th,A,And TV,"21,778",9.58M,"7,282,332,172"
128th,A,The Office,464,1.85M,"1,020,821,349"
129th,A,JTBC Entertainment,"55,613",5.18M,"5,850,871,599"
130th,A,Jelly,"4,061",17.1M,"8,255,350,674"
131st,A,SHANKRA FILM & MUSIC,29,672K,"144,191,842"
132nd,A,Asianet,"10,917",4.24M,"1,328,849,770"
133rd,A,TopMovieClips,249,3.71M,"2,236,587,214"
134th,A,Indie Music Label,79,2.63M,"491,475,287"
135th,A,ATV Music,"9,104",793K,"551,499,145"
136th,A,Brenda Bauer,144,2.58M,"395,547,247"
137th,A,T-Series Apna Punjab,"4,712",22M,"11,266,522,012"
138th,A,Taraz Football,598,601K,"152,985,614"
139th,A,Galinha Pintadinha,51,21.3M,"14,756,535,764"
140th,A,VIDSTORM,69,302K,"123,058,999"
141st,A,Like Nastya ESP,266,18.9M,"6,417,226,342"
142nd,A,MultiNecroMan,"1,246",237K,"138,877,873"
143rd,A,DuckDuck Kids TV,8,771K,"72,747,787"
144th,A,The Tonight Show Starring Jimmy Fa…,"5,927",24.6M,"13,678,207,884"
145th,A,ABP NEWS HINDI,"65,757",15.1M,"3,269,494,067"
146th,A,Comedy Central,"5,277",9.34M,"4,651,725,773"
147th,A,O Canal do Joãozinho - Little Ang…,318,7.5M,"2,613,848,077"
148th,A,TIME MACHINE,79,1.67M,"374,883,462"
149th,A,IR GAMES,631,5.17M,"1,700,250,799"
150th,A,SO LY DA,27,908K,"227,038,807"
151st,A,enriquemovie,"4,419",399K,"124,312,214"
152nd,A,A&E,"7,758",4.62M,"4,667,499,232"
153rd,A,Pelangi Warna,180,2.35M,"726,375,768"
154th,A,Thairath,"141,985",8.54M,"5,713,161,600"
155th,A,BabyBus - Cerita & Lagu Anak-anak,239,8.42M,"3,121,293,678"
156th,A,Indoor playground Bella & Misa,43,5.34M,"1,364,471,748"
157th,A,etvteluguindia,"79,286",6.82M,"9,753,175,934"
158th,A,ESPN,"29,129",6.86M,"5,581,673,039"
159th,A,STUPCAT,264,158K,"143,881,646"
160th,A,Senegal7,"8,291",437K,"132,422,821"
161st,A,ABP NEWS,"142,813",21.9M,"5,464,414,345"
162nd,A,PewDiePie,"4,116",104M,"25,154,842,097"
163rd,A,Rajshri,"5,565",19.8M,"10,197,756,376"
164th,A,BabyBus - Nhạc thiếu nhi,215,3.24M,"2,001,668,672"
165th,A,杰威爾音樂 JVR Music Official,82,1.82K,"128,558,911"
166th,A,Inside Edition,"19,513",7.33M,"10,868,638,100"
167th,A,jypentertainment,"1,089",15.2M,"8,489,732,766"
168th,A,X Press 24 News,16,1.15M,"122,956,673"
169th,NaN,syuryo,NaN,113K,--
170th,A,حسن شاكوش - Hassan Shakosh,284,3.54M,"586,482,774"
171st,A,Vijay Television,"23,125",10.7M,"8,081,251,629"
172nd,A,Wave Music - Bhojpuri,"18,920",13.9M,"7,844,366,988"
173rd,A,Blippi,160,8.03M,"5,725,730,134"
174th,A,Me contro Te,"1,148",5.01M,"4,382,794,532"
175th,A,tvN D ENT,"7,040",1.65M,"2,066,036,416"
176th,A,Lahari Music | T-Series,"6,473",8.55M,"5,215,102,996"
177th,A,ببجي بالعربي,113,991K,"141,803,352"
178th,A,SMTOWN,"3,516",21.9M,"16,064,678,295"
179th,A,Lyrical Lemonade,355,13.3M,"5,059,471,316"
180th,A,Space Trailers,"1,944",275K,"128,723,545"
181st,A,Маша и Медведь,733,28.9M,"23,462,714,388"
182nd,A,Reis Belico,116,278K,"112,570,790"
183rd,A,Tony TV,443,3.28M,"2,023,179,176"
184th,A,VTC NOW,"13,531",1.26M,"906,556,773"
185th,A,Diana Bebe,170,11.8M,"3,116,413,563"
186th,A,TwinRoozi 쌍둥이 루지,275,8.05M,"3,801,646,591"
187th,A,Masha y el Oso,381,12.7M,"4,396,968,828"
188th,A,SunshineSprinkles,409,1.46M,"451,186,916"
189th,A,Super JoJo - Nursery Rhymes,111,3.31M,"1,139,245,962"
190th,A,Desi Music Factory,86,15.1M,"3,000,959,283"
191st,A,SonyMusicSouthVEVO,"3,890",10M,"7,627,975,310"
192nd,A,Dave and Ava - Nursery Rhymes and …,489,10.5M,"5,237,238,347"
193rd,A,MrBeast,697,33.7M,"5,125,845,752"
194th,A,Nick Jr.,"3,277",12.7M,"10,279,421,149"
195th,A,Vlad dan Nikita,157,7.81M,"2,468,408,057"
196th,A,Fischer's-フィッシャーズ-,"2,076",6.16M,"9,169,385,714"
197th,A,Bona Kids,151,1.42M,"287,423,785"
198th,A,東海オンエア,"1,573",5.18M,"5,764,931,868"
199th,A,YoungBoy Never Broke Again,254,7.33M,"4,774,036,648"
200th,A,KHANDESHI MOVIES,121,16.7M,"5,139,862,314"
201st,A,Beam Copphone,"1,753",4.15M,"6,328,480,069"
202nd,A,LEGO,"21,947",8.83M,"10,731,384,541"
203rd,A,Disney Junior,"2,090",6.62M,"5,134,654,664"
204th,A,Diana Play,167,10M,"3,081,774,553"
205th,A,Head & Shoulders Thailand,58,48.6K,"105,917,100"
206th,A,Yes娛樂,"51,083",254K,"571,658,671"
207th,A,ThaiCh8 : ช่อง 8,"51,465",10.6M,"6,558,875,495"
208th,A,1theK (원더케이),"17,144",19M,"16,056,874,241"
209th,A,eggplant xue,784,5.62K,"108,847,956"
210th,A,Ed Sheeran,161,44.1M,"19,663,862,347"
211th,A,Sun TV,"11,727",7.84M,"2,822,084,720"
212th,A,KarolGVEVO,50,3.59M,"5,614,842,189"
213th,A,JustinBieberVEVO,147,32.8M,"20,052,885,876"
214th,A,FD HAUS,248,1.28M,"196,238,704"
215th,A,CazzetteVEVO,26,224K,"112,472,716"
216th,A,StarPlus,"9,554",11.7M,"4,192,713,544"
217th,A,Belly Dance Video,203,263K,"101,615,021"
218th,A,IndiaTV,"160,031",18.3M,"6,424,160,815"
219th,A,FlyntofRWBY,64,94.8K,"104,182,735"
220th,A,Fox News,"63,730",4.73M,"4,031,791,861"
221st,A,5-Minute Crafts,"4,011",65.9M,"17,487,779,993"
222nd,A,KBS Entertain,"88,090",3.62M,"4,348,770,914"
223rd,A,TRANS TV Official,"44,581",9.36M,"4,798,453,970"
224th,A,mmoshaya,927,16.1M,"9,111,805,106"
225th,A,HUM TV,"5,616",8.05M,"3,440,788,013"
226th,A,Myke Towers,62,4.33M,"1,641,554,478"
227th,A,Miss Katy,704,17.3M,"8,702,544,853"
228th,A,With Kids[위드키즈],670,5.05M,"1,923,527,568"
229th,A,Zappy Toons - Hindi Nursery Rhymes…,81,6.03M,"1,871,320,674"
230th,A,Bartolito,148,3.88M,"1,291,893,500"
231st,A,Chotoonz TV - Funny Cartoons for K…,"1,502",7.81M,"4,854,333,749"
232nd,A,Bad Bunny - Topic,80,115K,"533,052,690"
233rd,A,Goldmines Movies,847,9.1M,"1,542,838,215"
234th,A,ekeif,"1,192",547K,"99,033,580"
235th,A,Dangal TV Channel,981,5.28M,"1,938,365,645"
236th,A,Luisito Comunica,801,30.8M,"4,529,566,632"
237th,A,Nidhi Health Tips,62,2.31M,"888,760"
238th,A,Eros Now,"10,110",22.7M,"13,270,798,652"
239th,A,bradesco,500,3.36M,"1,957,312,685"
240th,A,Indonesian Idol,"1,181",4.74M,"2,073,104,369"
241st,A,Walls Thailand,117,55.8K,"102,481,881"
242nd,A,The Late Late Show with James Cord…,"4,000",23.5M,"7,525,213,970"
243rd,A,Flashback FM,"1,461",3.08M,"2,809,232,904"
244th,A,Geet MP3,316,19.9M,"5,565,069,164"
245th,A,Cartoon Network,"4,381",7.13M,"6,456,950,165"
246th,A,T-STUDIO,394,8.11M,"2,420,274,503"
247th,A,ABC News,"52,088",8.39M,"7,301,264,692"
248th,A,My Little Pony Official,"3,889",1.52M,"3,272,897,631"
249th,A,Roddy Ricch,45,3.33M,"989,639,679"
250th,A,jbalvinVEVO,172,13.6M,"13,682,100,750"
251st,A,Troom Troom Arabic,900,5.1M,"2,142,340,753"
252nd,A,Jingle Toons,203,14M,"4,607,181,813"
253rd,A,ChimbalaHD,225,1.58M,"446,153,336"
254th,A,pinkcityroyals,41,309K,"99,329,701"
255th,A,Zuni and Family,133,7.04M,"1,839,987,587"
256th,A,GMM GRAMMY OFFICIAL,"7,755",18M,"17,639,873,044"
257th,A,Troom Troom Es,"1,312",13M,"3,629,541,057"
258th,A,Siyah Giyen Genç,599,947K,"212,758,305"
259th,A,Alexandre Siqueira,26,202K,"95,636,604"
260th,A,HaerteTest,494,13.4M,"2,282,861,353"
261st,A,Mnet K-POP,"18,912",13.3M,"8,357,545,782"
262nd,A,KBS World,"41,722",12.5M,"8,672,927,307"
263rd,A,WORLDSTARHIPHOP,"4,839",23.1M,"15,330,612,700"
264th,A,हिंदी - Genevieve's Play…,60,5.32M,"1,911,894,992"
265th,A,El Reino a Jugar,485,12.1M,"5,900,213,618"
266th,A,BillieEilishVEVO,56,876K,"4,369,175,365"
267th,A,PhonePe,160,90.3K,"1,513,957,671"
268th,A,Like Nastya PRT,153,6.8M,"2,035,822,416"
269th,A,Daddy Yankee,352,28.9M,"10,495,989,292"
270th,A,Pencilmation,645,15.2M,"7,478,048,256"
271st,A,Thơ Nguyễn,"1,013",7.65M,"4,991,767,073"
272nd,A,Vlad và Nikita,173,4.66M,"1,944,337,354"
273rd,A,Dynoro,6,249K,"125,983,776"
274th,A,DisneyJuniorUK,"2,538",7.54M,"8,538,455,369"
275th,A,即新聞,"16,358",207K,"498,634,838"
276th,A,Henrique e Juliano,196,11M,"7,437,505,796"
277th,NaN,Sergi Alceda Martinez,NaN,4.48K,--
278th,A,Saregama Music,"3,569",13M,"4,018,133,786"
279th,A,SurpriseJoe,135,6.57M,"1,835,641,129"
280th,A,Yasak Elma,"2,582",1.91M,"1,887,976,558"
281st,A,Mnet Official,"14,818",7.15M,"6,257,388,785"
282nd,A,Troom Troom,"1,217",17.4M,"6,267,800,854"
283rd,A,Official Pink Panther,513,11.1M,"5,541,257,758"
284th,A,Россия 24,"173,874",4.69M,"4,586,680,465"
285th,A,karameeshchannel,"2,012",7.76M,"4,226,977,540"
286th,A,toycantando,370,16.7M,"8,114,188,088"
287th,A,AlArabiya العربية,"70,053",6.61M,"2,941,625,096"
288th,A,Kiddiestv Hindi,139,9.29M,"3,065,025,343"
289th,A,Troom Troom Vietnam,332,1.15M,"778,602,644"
290th,A,Rotana,"7,438",13.7M,"9,120,897,481"
291st,A,Você Sabia?,"1,047",33.2M,"4,600,339,079"
292nd,A,SSSniperWolf,"2,286",19.1M,"5,558,749,715"
293rd,A,Diana FamilyShow,59,238K,"335,015,490"
294th,A,Toys And Little Gaby,313,15.6M,"6,714,686,702"
295th,A,Valentina Pontes,788,18.8M,"5,471,376,220"
296th,A,Get Movies,"3,065",30.8M,"22,933,761,857"
297th,A,Mazhavil Manorama,"40,766",7.81M,"6,505,174,705"
298th,A,shakiraVEVO,165,18.9M,"17,620,883,202"
299th,A,IDEIAS INCRÍVEIS,"3,247",14M,"3,031,937,894"
300th,A,GMMTV,"9,931",7.26M,"5,034,263,012"
301st,A,Marília Mendonça,89,17.9M,"9,934,870,710"
302nd,A,MaJa Tv Moral Stories Fairy Tales,183,6.28M,"1,857,983,417"
303rd,A,SHOPEE Indonesia,"1,159",695K,"1,749,391,584"
304th,A,شبكة العاب العرب | A…,"3,396",9.19M,"2,592,456,366"
305th,A,NBA,"33,422",13.8M,"6,797,433,345"
306th,A,Kerajinan 5-Menit,"1,882",7.58M,"1,699,761,646"
307th,A,Car vs Experiment.,743,312K,"85,599,901"
308th,A,Indosiar,"40,331",11.5M,"6,367,119,426"
309th,A,3D Music India,245,960K,"85,756,622"
310th,A,ABS-CBN News,"125,845",8.85M,"5,892,260,453"
311th,A,Enoylity Technology,82,291K,"84,750,201"
312th,A,Ch3Thailand,"70,333",22.2M,"16,972,377,465"
313th,A,GMA News,"326,237",5.97M,"5,504,148,352"
314th,A,NGWorld,136,1.73M,"200,622,699"
315th,A,Ch7HD,"23,481",9.55M,"6,037,705,860"
316th,A,WB Kids,"1,077",9.83M,"3,150,204,806"
317th,A,Ultra Music,"3,983",22.2M,"12,401,069,646"
318th,A,Flamingo,"1,340",4.87M,"2,469,950,173"
319th,A,Leo - Kun,85,491K,"84,367,920"
320th,A,BANGTANTV,"1,174",27.1M,"3,822,342,849"
321st,A,Karol Friz Wiśniewski,515,3.74M,"1,175,506,593"
322nd,A,NS Tv Show,6,445K,"774,863"
323rd,A,Mister Max,739,17.3M,"8,940,799,130"
324th,A,LetsGoMartin Nursery Rhymes,271,10.6M,"3,268,469,928"
325th,A,Masha e o Urso,396,11.6M,"3,661,623,165"
326th,A,Jimmy Kimmel Live,"4,652",16.5M,"9,675,184,935"
327th,A,La Rosa de Guadalupe,"2,448",9.99M,"4,464,781,669"
328th,A,Samsung Korea 삼성전자,369,152K,"418,293,312"
329th,A,Marshmello,421,44.4M,"8,560,476,910"
330th,A,PanasonicIn,165,22.5K,"199,025,897"
331st,A,Ujjal Dance Group,69,127K,"911,348,547"
332nd,A,Мирошка ТВ,13,13.4M,"3,020,711,344"
333rd,A,LilBabyVEVO,60,155K,"1,133,115,916"
334th,A,A4,186,17.1M,"1,765,711,640"
335th,A,The Lallantop,"14,113",12.8M,"3,430,780,361"
336th,A,Zee Marathi,"80,156",5.83M,"4,754,347,104"
337th,A,Green Gold,774,11.2M,"4,985,083,769"
338th,A,Zig & Sharko,548,7.79M,"4,110,295,529"
339th,A,Cartoon Network UK,"3,626",5.32M,"4,382,535,473"
340th,A,VSRAP,147,947K,"84,033,455"
341st,A,BLACKPINK,257,34.3M,"8,725,428,423"
342nd,A,KOMPASTV,"108,370",4.93M,"2,913,672,991"
343rd,A,Dino TV,279,1.17M,"108,253,795"
344th,A,Lý Chí Dũng,594,303K,"79,930,495"
345th,A,Jamuna TV,"25,130",3.88M,"1,193,487,667"
346th,A,OYUNCAKOYNUYORUM,669,6.66M,"4,443,672,528"
347th,A,LadyGagaVEVO,146,9.21M,"8,417,160,963"
348th,A,الـريماس - Al-Remas,"1,890",14.1M,"8,011,335,588"
349th,A,Reliance Entertainment,"1,050",3.35M,"1,398,688,014"
350th,A,HVD,61,539K,"140,635,833"
351st,A,White Hill Music,"3,981",13.8M,"5,038,985,160"
352nd,A,Come Play With Me,265,7.33M,"6,811,800,163"
353rd,A,UngliBaaz,277,683K,"79,704,907"
354th,A,Bollywood Classics,"1,342",7.97M,"3,264,858,770"
355th,A,Nirahua Music World,547,6.18M,"3,148,498,931"
356th,A,Peppa Pig Español Latino - Canal …,539,12.9M,"2,909,311,495"
357th,A,SBS Drama,"338,001",3.68M,"3,389,696,078"
358th,A,RCTI - LAYAR DRAMA INDONESIA,"43,451",8.59M,"6,884,405,753"
359th,A,TheWeekndVEVO,74,10.9M,"8,936,073,854"
360th,A,CantaJuegoVEVO,460,6.23M,"4,453,608,285"
361st,A,Colores de los niños,20,1.97M,"564,726,045"
362nd,A,Maroon5VEVO,121,15.1M,"14,901,418,348"
363rd,A,David Dobrik,626,16.7M,"7,109,918,732"
364th,A,KatyPerryVEVO,140,25.6M,"19,001,952,411"
365th,A,ChuChuTV Hindi,144,4.08M,"1,341,232,457"
366th,A,yasmine snow,230,129K,"13,199,487"
367th,A,ToysPlay,200,5.67M,"2,884,055,405"
368th,A,CNN,"147,973",9.24M,"6,421,938,011"
369th,A,Jane ASMR 제인,694,6.64M,"1,713,864,060"
370th,A,El Payaso Plim Plim,538,4.74M,"2,475,558,451"
371st,A,خليجية,"15,327",6.35M,"1,019,957,659"
372nd,A,eltrece,"102,108",7.76M,"7,521,232,201"
373rd,A,Tarang TV,"22,245",3.46M,"3,212,691,514"
374th,A,Les' Copaque Production,"1,152",8.63M,"4,187,401,053"
375th,A,RedhoodVN,312,4.16M,"1,490,842,584"
376th,A,Lady Diana,526,6.86M,"2,988,361,370"
377th,A,WhenGamersFail ► Lyon,"3,729",3.15M,"3,264,483,149"
378th,A,Peppa Pig Hindi,252,3.62M,"1,402,920,239"
379th,A,CVS 3D Rhymes & Kids Songs,338,23.3M,"13,969,571,134"
380th,A,Las Ratitas,167,19.3M,"6,378,149,738"
381st,A,Blippi Toys,124,5.81M,"4,683,856,212"
382nd,A,GMM25Thailand,"25,904",9.42M,"6,164,251,853"
383rd,A,BIBI TV,825,3.76M,"3,578,632,606"
384th,A,Best Drops Ever,715,308K,"82,656,466"
385th,A,Omar Cabán -YuriFoX-,205,405K,"74,000,180"
386th,A,Sun Bangla,"1,822",1.06M,"685,112,240"
387th,A,Ozuna,88,27.7M,"13,493,858,901"
388th,A,tvN DRAMA,"25,104",3.2M,"2,839,446,902"
389th,A,Like Nastya AE,196,8.56M,"2,819,371,379"
390th,A,Júlia e Flávia,351,783K,"78,875,305"
391st,A,Dude Perfect,229,50.3M,"10,311,702,172"
392nd,A,Flowers Comedy,"5,902",5.82M,"4,497,636,883"
393rd,A,Troom Troom Indonesia,336,2.99M,"854,687,106"
394th,A,FV FAMILY,556,5.27M,"3,736,858,435"
395th,A,ETV Jabardasth,"4,846",4.71M,"6,996,335,079"
396th,A,Jason Vlogs,400,10M,"3,242,167,699"
397th,A,Goldmines Hindi,649,9.35M,"3,040,185,225"
398th,A,Slogo,"3,743",7.54M,"3,583,484,041"
399th,A,JRE Clips,"4,773",4.15M,"2,570,385,834"
400th,A,Dalex,112,3.83M,"1,456,249,616"
401st,A,뮤지컬웨딩MusicalWedding,"3,055",56.1K,"73,795,144"
402nd,A,Телеканал Звезда,"2,663",990K,"181,693,400"
403rd,A,Ultra Movie Parlour,"1,156",9.89M,"2,647,653,306"
404th,A,ItsFunneh,"1,524",5.58M,"5,275,069,916"
405th,A,Mikecrack,"1,372",14.8M,"5,406,197,430"
406th,A,Dua Lipa,116,13.1M,"4,524,668,497"
407th,A,BBC News عربي,"29,664",5.63M,"1,899,727,342"
408th,A,Kinder Spielzeug Kanal,587,9.25M,"3,421,394,132"
409th,A,giorgos2304,76,143K,"72,335,916"
410th,A,Sony AATH,"5,062",6.15M,"3,398,434,951"
411th,A,T-Series Hamaar Bhojpuri,"8,175",7.29M,"3,851,689,527"
412th,A,Zacktv1,"1,825",233K,"71,534,784"
413th,A,Kaji Family,579,5.55M,"6,720,821,579"
414th,A,MNCTV Official,"36,268",8.23M,"4,592,611,581"
415th,A,Musical Dil,37,525K,"76,594,769"
416th,A,СТС,"8,910",6.41M,"4,490,062,673"
417th,A,123 GO! Spanish,89,6.89M,"1,898,090,290"
418th,A,Kids TV - Nursery Rhymes And Baby …,"2,610",15.4M,"6,430,212,499"
419th,A,NDTV India,"24,402",6.56M,"1,479,558,451"
420th,A,SIS vs BRO,343,12.6M,"5,420,446,497"
421st,A,News18 India,"53,459",8.39M,"2,088,642,638"
422nd,A,Трум Трум,"1,212",10.4M,"3,802,931,911"
423rd,A,TrueVisionsOfficial,"11,711",1.96M,"511,660,534"
424th,A,Zee Bangla,"87,106",7.83M,"5,539,456,536"
425th,A,Zee News,"107,527",12.2M,"3,254,634,272"
426th,A,Oyuncak Şekeri,188,3.24M,"1,015,894,938"
427th,A,RauwAlejandroTv,38,3M,"1,423,640,650"
428th,A,O Reino Infantil,620,6.62M,"3,856,396,194"
429th,A,SriBalajiMovies,"16,626",10.2M,"5,956,925,475"
430th,A,Маша та Ведмідь,595,9.52M,"3,836,554,367"
431st,A,EminemVEVO,86,25.7M,"14,571,153,913"
432nd,A,TaylorSwiftVEVO,118,26.9M,"18,520,025,111"
433rd,A,Hindi Stories for kids,227,4.76M,"1,508,864,519"
434th,A,شهاب و بهيره,180,806K,"69,044,844"
435th,A,Badabun,"5,452",42.9M,"15,903,614,808"
436th,A,LazarBeam,"1,170",13.2M,"4,656,884,011"
437th,A,CKN Toys,648,14.8M,"13,718,575,302"
438th,A,tvN D CLASSIC,"9,343",825K,"1,396,808,540"
439th,A,YimYam TV,"1,745",4.08M,"3,264,888,414"
440th,A,Pen Multiplex,"1,749",7.14M,"2,589,458,884"
441st,A,FAMILY BOX,682,6.28M,"4,709,188,753"
442nd,A,Ma'lumotlar Bazasi,318,265K,"70,917,466"
443rd,A,Got Talent Global,"1,586",13M,"4,976,270,153"
444th,A,Vlad y Nikita,171,3.52M,"846,909,509"
445th,A,DC Kids,"1,091",3.3M,"2,854,972,247"
446th,A,Diana Roma Show,77,9.73M,"574,848,295"
447th,A,BBC News Hindi,"6,390",6.91M,"1,584,051,310"
448th,A,BabyBus Português - Músicas Infa…,173,3.21M,"850,767,711"
449th,A,Три Кота,473,3.55M,"2,431,286,504"
450th,A,VEGETTA777,"5,859",29.4M,"12,122,435,419"
451st,A,Family Fun Pack,"1,698",9.19M,"12,956,415,038"
452nd,NaN,Zoom Studio Franҫais - Comptines …,NaN,231K,--
453rd,A,SSundee,"2,382",13.6M,"6,151,395,966"
454th,A,Markiplier,"4,647",25.4M,"12,829,871,171"
455th,A,Spinnin' Records,"9,465",26.9M,"16,194,112,567"
456th,A,Aishwa Nahla Official,71,3.05M,"322,054,492"
457th,A,Trap Nation,"1,896",28.4M,"10,568,584,825"
458th,A,infobells,382,10.1M,"3,286,923,601"
459th,A,SUPER SLIME SAM,337,6.87M,"1,774,967,625"
460th,A,F.M Production,517,405K,"166,578,891"
461st,A,MSNBC,"28,422",2.73M,"3,180,982,230"
462nd,A,Codiscos,"6,266",6.41M,"4,639,218,349"
463rd,A,Venus Movies,"2,727",14.9M,"5,599,106,638"
464th,NaN,FilmyBOX,NaN,197K,--
465th,A,YTN NEWS,"461,815",1.67M,"3,031,471,634"
466th,A,HIMAWARIちゃんねる,"1,428",2.23M,"3,645,316,470"
467th,A,Shadow Music,386,4.43M,"1,781,340,994"
468th,A,TroomTroom India,871,3.72M,"1,389,933,093"
469th,A,Atlantic Records,"1,072",10.6M,"9,004,447,459"
470th,A,ЛАРИН,176,2.16M,"252,161,930"
471st,A,UpNest,17,12.1K,"65,854,640"
472nd,A,Super Simple ABCs,206,1.98M,"1,329,855,407"
473rd,A,Maya and Mary [EN],216,8.5M,"2,603,217,545"
474th,A,Mundo Bita,79,3.56M,"2,628,158,894"
475th,A,CookieSwirlC,"3,215",13.2M,"12,952,802,649"
476th,A,Shemaroo Movies,821,9.25M,"2,487,664,928"
477th,A,Oyuncak Avı,376,5.48M,"5,821,848,420"
478th,A,Hola Amigos,109,1.99M,"582,081,760"
479th,A,Praya Brother,355,2.15M,"960,687,410"
480th,A,TV9 Telugu Live,"76,789",5.2M,"2,367,513,640"
481st,A,Mr Bean,"1,819",19.6M,"6,418,021,134"
482nd,A,Познаватель,373,12.4M,"4,918,555,389"
483rd,A,atv,"14,182",5.88M,"4,674,465,710"
484th,A,JTBC Drama,"17,493",2.93M,"2,636,379,145"
485th,A,TRT Çocuk,"3,759",3.91M,"2,590,049,216"
486th,A,TiempodeSol,200,5.96M,"2,505,728,203"
487th,A,Теремок ТВ,"3,152",7.28M,"7,189,705,277"
488th,A,Wow Kidz Action,"1,334",6.49M,"2,403,723,997"
489th,A,lester villegas,34,72.4K,"63,700,113"
490th,A,DonShaSha,196,379K,"62,650,303"
491st,A,DisneyChannelUK,"3,058",4.79M,"4,937,095,175"
492nd,A,LAY TV & Family,182,3.56M,"1,749,020,698"
493rd,A,jai725a,438,142K,"80,663,259"
494th,A,Surya Citra Televisi (SCTV),"35,509",8.96M,"4,062,444,564"
495th,A,Heidi & Zidane बच्चों …,89,2.27M,"676,568,058"
496th,A,FutureVEVO,227,4.56M,"4,042,110,575"
497th,A,Coca-Cola,"3,490",3.41M,"2,837,595,239"
498th,A,Great Indian Comedy,561,5.77M,"1,236,648,117"
499th,A,Doggy Doggy Cartoons,"2,742",16.4M,"5,940,758,926"
500th,A,FunFun Toy Doll TV,690,11M,"4,415,663,688"
